Year,Month,Day,water_year,water_month,water_day,model,flow,rcp,month_name,period
1983,10,26,1984,1,26,CNRM-CM5,38479.3,4.5,Oct,1996
1984,1,14,1984,4,106,CCSM4,220629.88,4.5,Jan,1996
1984,1,29,1984,4,121,MIROC5,24144.55,4.5,Jan,1996
1984,2,10,1984,5,133,CMCC-CMS,301047.01,4.5,Feb,1996
1984,2,21,1984,5,144,CESM1-BGC,369048.25,4.5,Feb,1996
1984,2,21,1984,5,144,HadGEM2-ES,228931.74,4.5,Feb,1996
1984,2,22,1984,5,145,GFDL-CM3,45987.95,4.5,Feb,1996
1984,3,28,1984,6,180,CanESM2,103475.84,4.5,Mar,1996
1984,5,9,1984,8,222,HadGEM2-CC,72878.61,4.5,May,1996
1984,6,4,1984,9,248,ACCESS1-0,154507.69,4.5,Jun,1996
1987,11,27,1988,2,58,CESM1-BGC,63775.09,4.5,Nov,1996
1987,12,19,1988,3,80,CanESM2,199538.84,4.5,Dec,1996
1988,1,14,1988,4,106,HadGEM2-CC,77233.79,4.5,Jan,1996
1988,1,17,1988,4,109,CCSM4,314125.97,4.5,Jan,1996
1988,1,19,1988,4,111,GFDL-CM3,156517.81,4.5,Jan,1996
1988,1,21,1988,4,113,HadGEM2-ES,380137.72,4.5,Jan,1996
1988,1,25,1988,4,117,CMCC-CMS,54750.47,4.5,Jan,1996
1988,2,1,1988,5,124,CNRM-CM5,46882.82,4.5,Feb,1996
1988,2,22,1988,5,145,MIROC5,58954.28,4.5,Feb,1996
1988,5,3,1988,8,216,ACCESS1-0,48280.23,4.5,May,1996
1991,12,28,1992,3,89,GFDL-CM3,337661.43,4.5,Dec,1996
1992,1,15,1992,4,107,HadGEM2-ES,96751.59,4.5,Jan,1996
1992,2,1,1992,5,124,CCSM4,336132.27,4.5,Feb,1996
1992,2,8,1992,5,131,HadGEM2-CC,195781.72,4.5,Feb,1996
1992,2,16,1992,5,139,MIROC5,241642.89,4.5,Feb,1996
1992,2,26,1992,5,149,CMCC-CMS,264621.27,4.5,Feb,1996
1992,3,3,1992,6,155,CESM1-BGC,152249.45,4.5,Mar,1996
1992,4,7,1992,7,190,CNRM-CM5,120794.26,4.5,Apr,1996
1992,4,14,1992,7,197,ACCESS1-0,121721.11,4.5,Apr,1996
1992,5,25,1992,8,238,CanESM2,168816.47,4.5,May,1996
1996,1,13,1996,4,105,CMCC-CMS,242730.3,4.5,Jan,1996
1996,1,26,1996,4,118,CESM1-BGC,54274.69,4.5,Jan,1996
1996,2,4,1996,5,127,ACCESS1-0,75001.61,4.5,Feb,1996
1996,2,13,1996,5,136,MIROC5,48747.47,4.5,Feb,1996
1996,3,7,1996,6,159,HadGEM2-CC,289849.44,4.5,Mar,1996
1996,3,10,1996,6,162,CCSM4,191272.75,4.5,Mar,1996
1996,3,17,1996,6,169,CanESM2,290996.04,4.5,Mar,1996
1996,4,12,1996,7,195,GFDL-CM3,103487.98,4.5,Apr,1996
1996,4,26,1996,7,209,CNRM-CM5,225755.61,4.5,Apr,1996
1996,5,3,1996,8,216,HadGEM2-ES,97703.75,4.5,May,1996
1999,12,13,2000,3,74,CCSM4,113305.53,4.5,Dec,1996
2000,1,17,2000,4,109,CESM1-BGC,312796.46,4.5,Jan,1996
2000,2,2,2000,5,125,CanESM2,263977.49,4.5,Feb,1996
2000,2,3,2000,5,126,GFDL-CM3,55197.66,4.5,Feb,1996
2000,2,6,2000,5,129,MIROC5,90974.39,4.5,Feb,1996
2000,2,9,2000,5,132,HadGEM2-CC,112104.49,4.5,Feb,1996
2000,2,11,2000,5,134,ACCESS1-0,156202.43,4.5,Feb,1996
2000,3,5,2000,6,157,HadGEM2-ES,119315.78,4.5,Mar,1996
2000,3,13,2000,6,165,CMCC-CMS,61508.56,4.5,Mar,1996
2000,5,7,2000,8,220,CNRM-CM5,71024.04,4.5,May,1996
2004,1,16,2004,4,108,CCSM4,135960.62,4.5,Jan,1996
2004,1,26,2004,4,118,GFDL-CM3,96086.77,4.5,Jan,1996
2004,2,2,2004,5,125,HadGEM2-CC,393394.79,4.5,Feb,1996
2004,2,3,2004,5,126,CNRM-CM5,260449.95,4.5,Feb,1996
2004,2,19,2004,5,142,MIROC5,205595.44,4.5,Feb,1996
2004,3,6,2004,6,158,CMCC-CMS,342285.18,4.5,Mar,1996
2004,3,18,2004,6,170,CanESM2,82030.15,4.5,Mar,1996
2004,3,24,2004,6,176,ACCESS1-0,44736.38,4.5,Mar,1996
2004,5,3,2004,8,216,CESM1-BGC,89161.18,4.5,May,1996
2004,5,11,2004,8,224,HadGEM2-ES,30756.21,4.5,May,1996
2007,12,17,2008,3,78,HadGEM2-CC,321218,4.5,Dec,1996
2008,1,20,2008,4,112,GFDL-CM3,301300.61,4.5,Jan,1996
2008,2,1,2008,5,124,CanESM2,121397.88,4.5,Feb,1996
2008,2,18,2008,5,141,CMCC-CMS,35879.51,4.5,Feb,1996
2008,3,10,2008,6,162,MIROC5,190647.42,4.5,Mar,1996
2008,3,22,2008,6,174,CNRM-CM5,239519.45,4.5,Mar,1996
2008,4,3,2008,7,186,CCSM4,171703.87,4.5,Apr,1996
2008,4,3,2008,7,186,CESM1-BGC,84671.59,4.5,Apr,1996
2008,5,1,2008,8,214,HadGEM2-ES,112174.25,4.5,May,1996
2008,5,2,2008,8,215,ACCESS1-0,48231.11,4.5,May,1996
2035,11,19,2036,2,50,CCSM4,40673.1,4.5,Nov,2050
2035,12,21,2036,3,82,CMCC-CMS,164810.16,4.5,Dec,2050
2035,12,31,2036,3,92,CNRM-CM5,508649.83,4.5,Dec,2050
2036,1,7,2036,4,99,GFDL-CM3,488912.35,4.5,Jan,2050
2036,1,14,2036,4,106,HadGEM2-CC,54403.59,4.5,Jan,2050
2036,2,2,2036,5,125,MIROC5,392937.5,4.5,Feb,2050
2036,2,15,2036,5,138,CanESM2,101106.06,4.5,Feb,2050
2036,2,15,2036,5,138,HadGEM2-ES,280968.86,4.5,Feb,2050
2036,3,3,2036,6,155,ACCESS1-0,88317.42,4.5,Mar,2050
2036,3,5,2036,6,157,CESM1-BGC,276830,4.5,Mar,2050
2039,11,29,2040,2,60,ACCESS1-0,46932.09,4.5,Nov,2050
2040,2,15,2040,5,138,CMCC-CMS,55648.1,4.5,Feb,2050
2040,3,15,2040,6,167,CanESM2,238384.29,4.5,Mar,2050
2040,3,16,2040,6,168,HadGEM2-ES,25348.2,4.5,Mar,2050
2040,3,24,2040,6,176,CESM1-BGC,90800.7,4.5,Mar,2050
2040,3,24,2040,6,176,CNRM-CM5,58794.67,4.5,Mar,2050
2040,3,26,2040,6,178,GFDL-CM3,47827.66,4.5,Mar,2050
2040,4,2,2040,7,185,MIROC5,222096.36,4.5,Apr,2050
2040,4,19,2040,7,202,HadGEM2-CC,148205.87,4.5,Apr,2050
2040,5,2,2040,8,215,CCSM4,69921.43,4.5,May,2050
2044,1,18,2044,4,110,CCSM4,66989.23,4.5,Jan,2050
2044,1,25,2044,4,117,MIROC5,554638.81,4.5,Jan,2050
2044,1,29,2044,4,121,GFDL-CM3,193538.17,4.5,Jan,2050
2044,2,16,2044,5,139,CNRM-CM5,163675.1,4.5,Feb,2050
2044,2,20,2044,5,143,HadGEM2-ES,53241.56,4.5,Feb,2050
2044,2,24,2044,5,147,CMCC-CMS,281770.25,4.5,Feb,2050
2044,3,1,2044,6,153,ACCESS1-0,129737.34,4.5,Mar,2050
2044,3,18,2044,6,170,HadGEM2-CC,100513.78,4.5,Mar,2050
2044,3,21,2044,6,173,CanESM2,107846.48,4.5,Mar,2050
2044,3,24,2044,6,176,CESM1-BGC,122819.11,4.5,Mar,2050
2048,1,9,2048,4,101,HadGEM2-ES,28098.51,4.5,Jan,2050
2048,1,31,2048,4,123,MIROC5,226581.63,4.5,Jan,2050
2048,2,14,2048,5,137,CNRM-CM5,440454.58,4.5,Feb,2050
2048,2,14,2048,5,137,HadGEM2-CC,307508.65,4.5,Feb,2050
2048,2,26,2048,5,149,CESM1-BGC,57081.81,4.5,Feb,2050
2048,3,2,2048,6,154,CCSM4,188243.69,4.5,Mar,2050
2048,3,6,2048,6,158,CMCC-CMS,46367.15,4.5,Mar,2050
2048,3,22,2048,6,174,GFDL-CM3,134171.41,4.5,Mar,2050
2048,4,1,2048,7,184,CanESM2,101000.15,4.5,Apr,2050
2048,4,13,2048,7,196,ACCESS1-0,311573.39,4.5,Apr,2050
2052,1,7,2052,4,99,HadGEM2-CC,387293.92,4.5,Jan,2050
2052,1,15,2052,4,107,CESM1-BGC,74376.96,4.5,Jan,2050
2052,1,23,2052,4,115,CNRM-CM5,264894.1,4.5,Jan,2050
2052,1,23,2052,4,115,MIROC5,87082.09,4.5,Jan,2050
2052,1,27,2052,4,119,GFDL-CM3,240832.22,4.5,Jan,2050
2052,2,10,2052,5,133,ACCESS1-0,256403.39,4.5,Feb,2050
2052,3,4,2052,6,156,CanESM2,70232.37,4.5,Mar,2050
2052,4,5,2052,7,188,CCSM4,79353.68,4.5,Apr,2050
2052,4,8,2052,7,191,CMCC-CMS,25406.77,4.5,Apr,2050
2052,5,2,2052,8,215,HadGEM2-ES,190840.17,4.5,May,2050
2055,12,3,2056,3,64,CNRM-CM5,417621.53,4.5,Dec,2050
2055,12,24,2056,3,85,CCSM4,34638.33,4.5,Dec,2050
2056,1,17,2056,4,109,CESM1-BGC,277369.76,4.5,Jan,2050
2056,1,19,2056,4,111,CMCC-CMS,216771.84,4.5,Jan,2050
2056,1,21,2056,4,113,HadGEM2-CC,315820.87,4.5,Jan,2050
2056,2,27,2056,5,150,ACCESS1-0,210537.05,4.5,Feb,2050
2056,2,29,2056,5,152,HadGEM2-ES,59595.76,4.5,Feb,2050
2056,3,11,2056,6,163,MIROC5,57341.39,4.5,Mar,2050
2056,3,13,2056,6,165,GFDL-CM3,214078.21,4.5,Mar,2050
2056,6,15,2056,9,259,CanESM2,33681.86,4.5,Jun,2050
2060,1,6,2060,4,98,CNRM-CM5,525487.75,4.5,Jan,2050
2060,1,19,2060,4,111,ACCESS1-0,368853.29,4.5,Jan,2050
2060,1,28,2060,4,120,CanESM2,466225.53,4.5,Jan,2050
2060,1,30,2060,4,122,HadGEM2-CC,93774.56,4.5,Jan,2050
2060,2,29,2060,5,152,CCSM4,398287.56,4.5,Feb,2050
2060,3,5,2060,6,157,HadGEM2-ES,155682.22,4.5,Mar,2050
2060,3,24,2060,6,176,CMCC-CMS,155235.89,4.5,Mar,2050
2060,4,1,2060,7,184,MIROC5,62760.79,4.5,Apr,2050
2060,4,3,2060,7,186,CESM1-BGC,71893.86,4.5,Apr,2050
2060,4,24,2060,7,207,GFDL-CM3,80232.88,4.5,Apr,2050
2063,12,29,2064,3,90,MIROC5,168678.15,4.5,Dec,2050
2064,1,18,2064,4,110,CanESM2,317439.18,4.5,Jan,2050
2064,1,30,2064,4,122,CESM1-BGC,217577.27,4.5,Jan,2050
2064,2,25,2064,5,148,CNRM-CM5,201888.28,4.5,Feb,2050
2064,3,3,2064,6,155,HadGEM2-CC,75558.84,4.5,Mar,2050
2064,3,4,2064,6,156,ACCESS1-0,209984.87,4.5,Mar,2050
2064,3,10,2064,6,162,GFDL-CM3,245357.23,4.5,Mar,2050
2064,3,16,2064,6,168,CMCC-CMS,196688.65,4.5,Mar,2050
2064,3,22,2064,6,174,HadGEM2-ES,55927.58,4.5,Mar,2050
2064,3,27,2064,6,179,CCSM4,53705.99,4.5,Mar,2050
2071,12,14,2072,3,75,CMCC-CMS,336950.47,4.5,Dec,2085
2071,12,28,2072,3,89,GFDL-CM3,35257.66,4.5,Dec,2085
2072,1,11,2072,4,103,MIROC5,221006.73,4.5,Jan,2085
2072,1,25,2072,4,117,CNRM-CM5,56932.21,4.5,Jan,2085
2072,2,4,2072,5,127,HadGEM2-CC,33340.16,4.5,Feb,2085
2072,2,17,2072,5,140,ACCESS1-0,226534.84,4.5,Feb,2085
2072,2,19,2072,5,142,CESM1-BGC,80220.92,4.5,Feb,2085
2072,3,3,2072,6,155,CCSM4,35809.04,4.5,Mar,2085
2072,5,8,2072,8,221,CanESM2,49196.07,4.5,May,2085
2072,5,15,2072,8,228,HadGEM2-ES,46322.84,4.5,May,2085
2075,12,27,2076,3,88,CNRM-CM5,228162.6,4.5,Dec,2085
2076,1,11,2076,4,103,HadGEM2-ES,365203.77,4.5,Jan,2085
2076,1,24,2076,4,116,CESM1-BGC,58523.72,4.5,Jan,2085
2076,2,2,2076,5,125,ACCESS1-0,217582.01,4.5,Feb,2085
2076,2,20,2076,5,143,CanESM2,261571.65,4.5,Feb,2085
2076,3,10,2076,6,162,CCSM4,80765.1,4.5,Mar,2085
2076,3,21,2076,6,173,CMCC-CMS,146197.6,4.5,Mar,2085
2076,3,21,2076,6,173,MIROC5,51662.83,4.5,Mar,2085
2076,3,23,2076,6,175,GFDL-CM3,131198.31,4.5,Mar,2085
2076,4,14,2076,7,197,HadGEM2-CC,256277.86,4.5,Apr,2085
2079,12,14,2080,3,75,CMCC-CMS,52369.39,4.5,Dec,2085
2080,1,16,2080,4,108,CCSM4,237502.27,4.5,Jan,2085
2080,2,15,2080,5,138,CNRM-CM5,348894.86,4.5,Feb,2085
2080,3,2,2080,6,154,HadGEM2-CC,179446.37,4.5,Mar,2085
2080,3,3,2080,6,155,MIROC5,200069.44,4.5,Mar,2085
2080,3,8,2080,6,160,HadGEM2-ES,248702.6,4.5,Mar,2085
2080,3,11,2080,6,163,ACCESS1-0,178235.48,4.5,Mar,2085
2080,3,11,2080,6,163,CanESM2,415993.67,4.5,Mar,2085
2080,3,25,2080,6,177,CESM1-BGC,203653.07,4.5,Mar,2085
2080,4,2,2080,7,185,GFDL-CM3,109280.8,4.5,Apr,2085
2084,1,16,2084,4,108,CNRM-CM5,601122.29,4.5,Jan,2085
2084,1,22,2084,4,114,HadGEM2-CC,146179.47,4.5,Jan,2085
2084,1,27,2084,4,119,GFDL-CM3,150061.08,4.5,Jan,2085
2084,2,2,2084,5,125,CESM1-BGC,306758.04,4.5,Feb,2085
2084,2,3,2084,5,126,CMCC-CMS,232601.19,4.5,Feb,2085
2084,2,6,2084,5,129,CanESM2,390830.85,4.5,Feb,2085
2084,2,15,2084,5,138,MIROC5,112757.18,4.5,Feb,2085
2084,2,24,2084,5,147,ACCESS1-0,112009.79,4.5,Feb,2085
2084,3,3,2084,6,155,HadGEM2-ES,48450.16,4.5,Mar,2085
2084,3,14,2084,6,166,CCSM4,141319.8,4.5,Mar,2085
2088,1,22,2088,4,114,CNRM-CM5,313656.1,4.5,Jan,2085
2088,1,24,2088,4,116,MIROC5,56426.62,4.5,Jan,2085
2088,1,29,2088,4,121,CanESM2,330377.77,4.5,Jan,2085
2088,2,5,2088,5,128,GFDL-CM3,323562.46,4.5,Feb,2085
2088,2,13,2088,5,136,HadGEM2-CC,319905.17,4.5,Feb,2085
2088,2,23,2088,5,146,ACCESS1-0,86557.93,4.5,Feb,2085
2088,3,11,2088,6,163,CCSM4,383502.33,4.5,Mar,2085
2088,3,14,2088,6,166,CESM1-BGC,111731.16,4.5,Mar,2085
2088,4,12,2088,7,195,HadGEM2-ES,266165.84,4.5,Apr,2085
2088,8,17,2088,11,322,CMCC-CMS,181178.51,4.5,Aug,2085
2092,1,13,2092,4,105,CanESM2,40797.34,4.5,Jan,2085
2092,1,18,2092,4,110,CESM1-BGC,706852.36,4.5,Jan,2085
2092,1,26,2092,4,118,CMCC-CMS,151846.73,4.5,Jan,2085
2092,2,3,2092,5,126,HadGEM2-CC,284603.05,4.5,Feb,2085
2092,2,17,2092,5,140,CCSM4,240228.59,4.5,Feb,2085
2092,2,18,2092,5,141,GFDL-CM3,173012.37,4.5,Feb,2085
2092,3,16,2092,6,168,MIROC5,226497.55,4.5,Mar,2085
2092,4,4,2092,7,187,ACCESS1-0,56553.68,4.5,Apr,2085
2092,4,14,2092,7,197,CNRM-CM5,219793.13,4.5,Apr,2085
2092,8,5,2092,11,310,HadGEM2-ES,24223.66,4.5,Aug,2085
2096,1,17,2096,4,109,GFDL-CM3,343273.25,4.5,Jan,2085
2096,1,20,2096,4,112,HadGEM2-ES,54197.67,4.5,Jan,2085
2096,1,26,2096,4,118,CNRM-CM5,357327.2,4.5,Jan,2085
2096,1,31,2096,4,123,CESM1-BGC,420721.7,4.5,Jan,2085
2096,2,1,2096,5,124,MIROC5,59111.43,4.5,Feb,2085
2096,2,26,2096,5,149,CCSM4,397544.93,4.5,Feb,2085
2096,3,3,2096,6,155,CanESM2,65024.61,4.5,Mar,2085
2096,3,7,2096,6,159,HadGEM2-CC,52755.78,4.5,Mar,2085
2096,3,8,2096,6,160,ACCESS1-0,140462.95,4.5,Mar,2085
2096,4,3,2096,7,186,CMCC-CMS,93606.52,4.5,Apr,2085
1981,1,4,1981,4,96,ACCESS1-0,72245.66,4.5,Jan,1996
1981,1,5,1981,4,97,GFDL-CM3,246101.14,4.5,Jan,1996
1981,1,13,1981,4,105,CanESM2,193365.71,4.5,Jan,1996
1981,2,7,1981,5,130,CESM1-BGC,503088.09,4.5,Feb,1996
1981,2,25,1981,5,148,CCSM4,80580.31,4.5,Feb,1996
1981,2,27,1981,5,150,MIROC5,372344.2,4.5,Feb,1996
1981,3,2,1981,6,153,CMCC-CMS,322881.38,4.5,Mar,1996
1981,3,5,1981,6,156,HadGEM2-ES,202544.21,4.5,Mar,1996
1981,3,6,1981,6,157,HadGEM2-CC,111727.58,4.5,Mar,1996
1981,5,26,1981,8,238,CNRM-CM5,122585.26,4.5,May,1996
1981,12,7,1982,3,68,MIROC5,158130.57,4.5,Dec,1996
1981,12,17,1982,3,78,CCSM4,136385.16,4.5,Dec,1996
1982,1,4,1982,4,96,CanESM2,192625.32,4.5,Jan,1996
1982,1,29,1982,4,121,HadGEM2-CC,76094.64,4.5,Jan,1996
1982,2,13,1982,5,136,HadGEM2-ES,87963.07,4.5,Feb,1996
1982,3,1,1982,6,152,CESM1-BGC,460222.39,4.5,Mar,1996
1982,3,3,1982,6,154,CNRM-CM5,348586.49,4.5,Mar,1996
1982,3,4,1982,6,155,GFDL-CM3,100227.63,4.5,Mar,1996
1982,3,31,1982,6,182,ACCESS1-0,174721.61,4.5,Mar,1996
1982,6,25,1982,9,268,CMCC-CMS,24882.36,4.5,Jun,1996
1982,12,10,1983,3,71,CNRM-CM5,61007.09,4.5,Dec,1996
1983,1,5,1983,4,97,CMCC-CMS,166020.36,4.5,Jan,1996
1983,1,7,1983,4,99,CCSM4,159136.24,4.5,Jan,1996
1983,1,13,1983,4,105,ACCESS1-0,100071,4.5,Jan,1996
1983,2,6,1983,5,129,GFDL-CM3,145584.25,4.5,Feb,1996
1983,2,8,1983,5,131,CESM1-BGC,267049.56,4.5,Feb,1996
1983,2,26,1983,5,149,CanESM2,108130.57,4.5,Feb,1996
1983,3,3,1983,6,154,HadGEM2-ES,103811.81,4.5,Mar,1996
1983,4,6,1983,7,188,MIROC5,68607.19,4.5,Apr,1996
1983,5,4,1983,8,216,HadGEM2-CC,106414.09,4.5,May,1996
1985,1,6,1985,4,98,CMCC-CMS,59990.52,4.5,Jan,1996
1985,2,5,1985,5,128,CNRM-CM5,625769.38,4.5,Feb,1996
1985,2,5,1985,5,128,MIROC5,528117.06,4.5,Feb,1996
1985,2,16,1985,5,139,CanESM2,270952.75,4.5,Feb,1996
1985,2,25,1985,5,148,HadGEM2-CC,299687.05,4.5,Feb,1996
1985,3,22,1985,6,173,GFDL-CM3,186396.97,4.5,Mar,1996
1985,4,14,1985,7,196,CCSM4,48997.83,4.5,Apr,1996
1985,4,15,1985,7,197,ACCESS1-0,103788,4.5,Apr,1996
1985,5,3,1985,8,215,CESM1-BGC,72830.08,4.5,May,1996
1985,5,3,1985,8,215,HadGEM2-ES,226792.02,4.5,May,1996
1985,12,3,1986,3,64,CESM1-BGC,36698.43,4.5,Dec,1996
1986,1,14,1986,4,106,CNRM-CM5,88029.66,4.5,Jan,1996
1986,1,28,1986,4,120,HadGEM2-ES,56660.96,4.5,Jan,1996
1986,2,4,1986,5,127,HadGEM2-CC,329967.47,4.5,Feb,1996
1986,2,5,1986,5,128,GFDL-CM3,292213.71,4.5,Feb,1996
1986,2,21,1986,5,144,MIROC5,91089.07,4.5,Feb,1996
1986,3,1,1986,6,152,CanESM2,251743.53,4.5,Mar,1996
1986,3,2,1986,6,153,CCSM4,271685.79,4.5,Mar,1996
1986,3,2,1986,6,153,CMCC-CMS,78044.02,4.5,Mar,1996
1986,5,1,1986,8,213,ACCESS1-0,33104.46,4.5,May,1996
1986,12,28,1987,3,89,CanESM2,53154.67,4.5,Dec,1996
1987,1,10,1987,4,102,CCSM4,81790.86,4.5,Jan,1996
1987,1,27,1987,4,119,CMCC-CMS,58080.14,4.5,Jan,1996
1987,2,15,1987,5,138,ACCESS1-0,32697.83,4.5,Feb,1996
1987,2,19,1987,5,142,HadGEM2-CC,155757.01,4.5,Feb,1996
1987,2,20,1987,5,143,CESM1-BGC,81633.8,4.5,Feb,1996
1987,3,14,1987,6,165,GFDL-CM3,88529.47,4.5,Mar,1996
1987,3,18,1987,6,169,MIROC5,180229.09,4.5,Mar,1996
1987,4,3,1987,7,185,HadGEM2-ES,159629.92,4.5,Apr,1996
1987,5,16,1987,8,228,CNRM-CM5,54086.78,4.5,May,1996
1988,12,8,1989,3,69,CNRM-CM5,91834.02,4.5,Dec,1996
1989,1,18,1989,4,110,CMCC-CMS,214562.81,4.5,Jan,1996
1989,1,26,1989,4,118,HadGEM2-CC,62080.19,4.5,Jan,1996
1989,2,8,1989,5,131,HadGEM2-ES,94934.89,4.5,Feb,1996
1989,2,9,1989,5,132,ACCESS1-0,327403.13,4.5,Feb,1996
1989,2,24,1989,5,147,CanESM2,258141.8,4.5,Feb,1996
1989,3,10,1989,6,161,CCSM4,184027.83,4.5,Mar,1996
1989,3,16,1989,6,167,MIROC5,51709.26,4.5,Mar,1996
1989,4,8,1989,7,190,CESM1-BGC,57487.81,4.5,Apr,1996
1989,5,2,1989,8,214,GFDL-CM3,263654.57,4.5,May,1996
1989,12,3,1990,3,64,HadGEM2-CC,57358.14,4.5,Dec,1996
1989,12,29,1990,3,90,MIROC5,62168.06,4.5,Dec,1996
1990,1,17,1990,4,109,GFDL-CM3,108235.56,4.5,Jan,1996
1990,1,28,1990,4,120,HadGEM2-ES,131531.37,4.5,Jan,1996
1990,2,17,1990,5,140,CNRM-CM5,229940.51,4.5,Feb,1996
1990,2,22,1990,5,145,CanESM2,453391.42,4.5,Feb,1996
1990,3,3,1990,6,154,CMCC-CMS,147170.58,4.5,Mar,1996
1990,3,7,1990,6,158,CCSM4,101066.45,4.5,Mar,1996
1990,3,12,1990,6,163,ACCESS1-0,38528.51,4.5,Mar,1996
1990,4,4,1990,7,186,CESM1-BGC,58525.08,4.5,Apr,1996
1990,12,9,1991,3,70,HadGEM2-CC,310316.91,4.5,Dec,1996
1991,1,21,1991,4,113,CanESM2,181717.78,4.5,Jan,1996
1991,3,3,1991,6,154,GFDL-CM3,38460.23,4.5,Mar,1996
1991,3,4,1991,6,155,CMCC-CMS,46189.68,4.5,Mar,1996
1991,3,8,1991,6,159,ACCESS1-0,63947.44,4.5,Mar,1996
1991,3,23,1991,6,174,CNRM-CM5,161036.7,4.5,Mar,1996
1991,3,29,1991,6,180,CCSM4,186326.74,4.5,Mar,1996
1991,4,6,1991,7,188,MIROC5,97473.73,4.5,Apr,1996
1991,4,25,1991,7,207,CESM1-BGC,113164.35,4.5,Apr,1996
1991,6,3,1991,9,246,HadGEM2-ES,77794.51,4.5,Jun,1996
1993,1,24,1993,4,116,MIROC5,221732.96,4.5,Jan,1996
1993,2,2,1993,5,125,GFDL-CM3,63821,4.5,Feb,1996
1993,2,17,1993,5,140,CESM1-BGC,250442.72,4.5,Feb,1996
1993,3,3,1993,6,154,CMCC-CMS,316944.34,4.5,Mar,1996
1993,3,12,1993,6,163,CCSM4,163232.22,4.5,Mar,1996
1993,3,16,1993,6,167,CNRM-CM5,90549.83,4.5,Mar,1996
1993,4,25,1993,7,207,CanESM2,45776.63,4.5,Apr,1996
1993,5,2,1993,8,214,HadGEM2-CC,181052.95,4.5,May,1996
1993,6,3,1993,9,246,ACCESS1-0,80533.91,4.5,Jun,1996
1993,6,9,1993,9,252,HadGEM2-ES,68054.3,4.5,Jun,1996
1993,11,19,1994,2,50,MIROC5,62775.61,4.5,Nov,1996
1994,1,18,1994,4,110,GFDL-CM3,229672.11,4.5,Jan,1996
1994,3,2,1994,6,153,HadGEM2-CC,123944.72,4.5,Mar,1996
1994,3,3,1994,6,154,CNRM-CM5,184782.3,4.5,Mar,1996
1994,3,9,1994,6,160,CMCC-CMS,199655.88,4.5,Mar,1996
1994,3,16,1994,6,167,CanESM2,286242.51,4.5,Mar,1996
1994,3,22,1994,6,173,HadGEM2-ES,113408.31,4.5,Mar,1996
1994,4,2,1994,7,184,ACCESS1-0,120424.58,4.5,Apr,1996
1994,4,17,1994,7,199,CCSM4,85879.84,4.5,Apr,1996
1994,5,2,1994,8,214,CESM1-BGC,124508.59,4.5,May,1996
1994,12,8,1995,3,69,CanESM2,60869.87,4.5,Dec,1996
1994,12,10,1995,3,71,CCSM4,178110.3,4.5,Dec,1996
1994,12,12,1995,3,73,CESM1-BGC,225000.96,4.5,Dec,1996
1995,1,19,1995,4,111,CNRM-CM5,249370.01,4.5,Jan,1996
1995,1,28,1995,4,120,HadGEM2-CC,255690.72,4.5,Jan,1996
1995,2,5,1995,5,128,HadGEM2-ES,125920,4.5,Feb,1996
1995,2,14,1995,5,137,CMCC-CMS,121530.01,4.5,Feb,1996
1995,2,16,1995,5,139,GFDL-CM3,280355,4.5,Feb,1996
1995,4,2,1995,7,184,MIROC5,80741,4.5,Apr,1996
1995,4,18,1995,7,200,ACCESS1-0,253270,4.5,Apr,1996
1996,12,20,1997,3,81,MIROC5,232444.14,4.5,Dec,1996
1997,1,3,1997,4,95,CESM1-BGC,228978.5,4.5,Jan,1996
1997,2,5,1997,5,128,CanESM2,162576.79,4.5,Feb,1996
1997,2,9,1997,5,132,CNRM-CM5,318097.82,4.5,Feb,1996
1997,2,26,1997,5,149,GFDL-CM3,177120.42,4.5,Feb,1996
1997,3,3,1997,6,154,CMCC-CMS,209326.11,4.5,Mar,1996
1997,3,7,1997,6,158,HadGEM2-ES,119389.28,4.5,Mar,1996
1997,3,26,1997,6,177,HadGEM2-CC,45905.19,4.5,Mar,1996
1997,5,2,1997,8,214,CCSM4,118200.93,4.5,May,1996
1997,5,3,1997,8,215,ACCESS1-0,69141.5,4.5,May,1996
1997,12,27,1998,3,88,CanESM2,157817.95,4.5,Dec,1996
1998,1,3,1998,4,95,CMCC-CMS,102087.33,4.5,Jan,1996
1998,1,25,1998,4,117,CNRM-CM5,274885.97,4.5,Jan,1996
1998,2,16,1998,5,139,ACCESS1-0,348598.3,4.5,Feb,1996
1998,2,17,1998,5,140,HadGEM2-ES,110920.24,4.5,Feb,1996
1998,3,6,1998,6,157,HadGEM2-CC,249125.01,4.5,Mar,1996
1998,3,9,1998,6,160,CCSM4,132662.56,4.5,Mar,1996
1998,4,3,1998,7,185,GFDL-CM3,72741.91,4.5,Apr,1996
1998,5,3,1998,8,215,CESM1-BGC,91731.05,4.5,May,1996
1998,8,4,1998,11,308,MIROC5,30315.33,4.5,Aug,1996
1999,1,7,1999,4,99,ACCESS1-0,137046.38,4.5,Jan,1996
1999,2,25,1999,5,148,GFDL-CM3,287853.72,4.5,Feb,1996
1999,3,2,1999,6,153,CNRM-CM5,59935.78,4.5,Mar,1996
1999,4,3,1999,7,185,HadGEM2-CC,86459,4.5,Apr,1996
1999,4,3,1999,7,185,HadGEM2-ES,70479.95,4.5,Apr,1996
1999,4,4,1999,7,186,CCSM4,61227.8,4.5,Apr,1996
1999,4,4,1999,7,186,CanESM2,72837.16,4.5,Apr,1996
1999,4,24,1999,7,206,MIROC5,56940.47,4.5,Apr,1996
1999,4,28,1999,7,210,CESM1-BGC,166046.17,4.5,Apr,1996
1999,5,26,1999,8,238,CMCC-CMS,22946.92,4.5,May,1996
2001,1,3,2001,4,95,CESM1-BGC,31607.51,4.5,Jan,1996
2001,2,2,2001,5,125,MIROC5,87727.14,4.5,Feb,1996
2001,2,3,2001,5,126,CCSM4,313043.76,4.5,Feb,1996
2001,2,16,2001,5,139,CanESM2,45829.63,4.5,Feb,1996
2001,3,5,2001,6,156,HadGEM2-CC,71902.51,4.5,Mar,1996
2001,3,6,2001,6,157,GFDL-CM3,216257.89,4.5,Mar,1996
2001,3,26,2001,6,177,ACCESS1-0,158109.48,4.5,Mar,1996
2001,4,5,2001,7,187,CMCC-CMS,260178.25,4.5,Apr,1996
2001,4,28,2001,7,210,HadGEM2-ES,119272.75,4.5,Apr,1996
2001,9,21,2001,12,356,CNRM-CM5,24604.51,4.5,Sep,1996
2002,1,3,2002,4,95,CESM1-BGC,252006.37,4.5,Jan,1996
2002,1,4,2002,4,96,CMCC-CMS,257876.99,4.5,Jan,1996
2002,1,22,2002,4,114,CCSM4,289866.67,4.5,Jan,1996
2002,1,27,2002,4,119,HadGEM2-ES,123309.39,4.5,Jan,1996
2002,2,2,2002,5,125,CNRM-CM5,136325.86,4.5,Feb,1996
2002,2,3,2002,5,126,MIROC5,450170.45,4.5,Feb,1996
2002,3,24,2002,6,175,GFDL-CM3,69848.88,4.5,Mar,1996
2002,3,26,2002,6,177,HadGEM2-CC,153616.1,4.5,Mar,1996
2002,4,5,2002,7,187,ACCESS1-0,68979.69,4.5,Apr,1996
2002,5,31,2002,8,243,CanESM2,20038.5,4.5,May,1996
2002,11,23,2003,2,54,CanESM2,54341.66,4.5,Nov,1996
2002,12,5,2003,3,66,GFDL-CM3,474647.97,4.5,Dec,1996
2002,12,27,2003,3,88,HadGEM2-CC,47089.48,4.5,Dec,1996
2003,1,4,2003,4,96,HadGEM2-ES,91091.31,4.5,Jan,1996
2003,1,15,2003,4,107,ACCESS1-0,148373.46,4.5,Jan,1996
2003,2,10,2003,5,133,CESM1-BGC,134175.29,4.5,Feb,1996
2003,2,19,2003,5,142,CMCC-CMS,206957.55,4.5,Feb,1996
2003,3,15,2003,6,166,CCSM4,21700.26,4.5,Mar,1996
2003,3,17,2003,6,168,MIROC5,169117.41,4.5,Mar,1996
2003,6,4,2003,9,247,CNRM-CM5,56162.72,4.5,Jun,1996
2004,12,15,2005,3,76,ACCESS1-0,88528.66,4.5,Dec,1996
2005,1,19,2005,4,111,CESM1-BGC,511201.09,4.5,Jan,1996
2005,2,11,2005,5,134,CNRM-CM5,171819.38,4.5,Feb,1996
2005,2,16,2005,5,139,HadGEM2-ES,106687.58,4.5,Feb,1996
2005,3,5,2005,6,156,CanESM2,273591.97,4.5,Mar,1996
2005,3,17,2005,6,168,GFDL-CM3,64462.38,4.5,Mar,1996
2005,3,20,2005,6,171,MIROC5,69639.11,4.5,Mar,1996
2005,4,2,2005,7,184,HadGEM2-CC,218874.27,4.5,Apr,1996
2005,4,30,2005,7,212,CCSM4,113678.88,4.5,Apr,1996
2005,5,14,2005,8,226,CMCC-CMS,67570,4.5,May,1996
2005,11,24,2006,2,55,CNRM-CM5,48617.46,4.5,Nov,1996
2005,12,7,2006,3,68,HadGEM2-ES,212283.91,4.5,Dec,1996
2006,1,26,2006,4,118,GFDL-CM3,117634.11,4.5,Jan,1996
2006,2,18,2006,5,141,HadGEM2-CC,126443.06,4.5,Feb,1996
2006,2,22,2006,5,145,CanESM2,210076.1,4.5,Feb,1996
2006,3,2,2006,6,153,CMCC-CMS,261945,4.5,Mar,1996
2006,3,3,2006,6,154,CESM1-BGC,210588.49,4.5,Mar,1996
2006,3,9,2006,6,160,ACCESS1-0,155332.35,4.5,Mar,1996
2006,3,10,2006,6,161,MIROC5,34702.81,4.5,Mar,1996
2006,4,7,2006,7,189,CCSM4,50915.83,4.5,Apr,1996
2006,12,10,2007,3,71,CMCC-CMS,270051.13,4.5,Dec,1996
2007,1,11,2007,4,103,CESM1-BGC,52983.99,4.5,Jan,1996
2007,1,27,2007,4,119,HadGEM2-CC,291823.78,4.5,Jan,1996
2007,2,2,2007,5,125,CNRM-CM5,58269.1,4.5,Feb,1996
2007,2,3,2007,5,126,CCSM4,532235.65,4.5,Feb,1996
2007,3,3,2007,6,154,GFDL-CM3,296632.3,4.5,Mar,1996
2007,3,3,2007,6,154,MIROC5,39960.74,4.5,Mar,1996
2007,3,5,2007,6,156,ACCESS1-0,60354.67,4.5,Mar,1996
2007,3,6,2007,6,157,HadGEM2-ES,79741.57,4.5,Mar,1996
2007,3,10,2007,6,161,CanESM2,70315.87,4.5,Mar,1996
2008,12,15,2009,3,76,CCSM4,227721.1,4.5,Dec,1996
2009,1,19,2009,4,111,GFDL-CM3,320644.07,4.5,Jan,1996
2009,2,3,2009,5,126,CESM1-BGC,274029.39,4.5,Feb,1996
2009,2,11,2009,5,134,CanESM2,426624.82,4.5,Feb,1996
2009,2,12,2009,5,135,ACCESS1-0,52195.84,4.5,Feb,1996
2009,2,26,2009,5,149,HadGEM2-ES,91085.78,4.5,Feb,1996
2009,3,9,2009,6,160,MIROC5,245039.02,4.5,Mar,1996
2009,3,14,2009,6,165,CMCC-CMS,47781.71,4.5,Mar,1996
2009,3,18,2009,6,169,HadGEM2-CC,50546,4.5,Mar,1996
2009,4,2,2009,7,184,CNRM-CM5,218284.89,4.5,Apr,1996
2009,11,27,2010,2,58,MIROC5,306985.5,4.5,Nov,1996
2010,1,8,2010,4,100,GFDL-CM3,252482.27,4.5,Jan,1996
2010,1,16,2010,4,108,ACCESS1-0,45118.39,4.5,Jan,1996
2010,1,20,2010,4,112,CNRM-CM5,512492.71,4.5,Jan,1996
2010,1,29,2010,4,121,CCSM4,178632.98,4.5,Jan,1996
2010,2,3,2010,5,126,CMCC-CMS,154319.62,4.5,Feb,1996
2010,3,1,2010,6,152,HadGEM2-ES,29140.17,4.5,Mar,1996
2010,3,27,2010,6,178,CESM1-BGC,269030.67,4.5,Mar,1996
2010,3,27,2010,6,178,HadGEM2-CC,128624.55,4.5,Mar,1996
2010,5,4,2010,8,216,CanESM2,101619.48,4.5,May,1996
2034,12,30,2035,3,91,MIROC5,47139.52,4.5,Dec,2050
2035,1,28,2035,4,120,CCSM4,181784.21,4.5,Jan,2050
2035,1,28,2035,4,120,CNRM-CM5,398419.47,4.5,Jan,2050
2035,2,25,2035,5,148,ACCESS1-0,217760.72,4.5,Feb,2050
2035,3,3,2035,6,154,CanESM2,73201.25,4.5,Mar,2050
2035,3,4,2035,6,155,GFDL-CM3,100009.58,4.5,Mar,2050
2035,3,7,2035,6,158,CESM1-BGC,335582.02,4.5,Mar,2050
2035,3,17,2035,6,168,HadGEM2-CC,129511.06,4.5,Mar,2050
2035,3,22,2035,6,173,CMCC-CMS,109506.66,4.5,Mar,2050
2035,4,2,2035,7,184,HadGEM2-ES,35007.04,4.5,Apr,2050
2037,1,15,2037,4,107,HadGEM2-CC,269183.75,4.5,Jan,2050
2037,1,20,2037,4,112,CanESM2,693023.92,4.5,Jan,2050
2037,1,23,2037,4,115,ACCESS1-0,30987.47,4.5,Jan,2050
2037,2,6,2037,5,129,CCSM4,249703.22,4.5,Feb,2050
2037,2,10,2037,5,133,GFDL-CM3,142676.67,4.5,Feb,2050
2037,2,12,2037,5,135,CNRM-CM5,413588.39,4.5,Feb,2050
2037,2,14,2037,5,137,HadGEM2-ES,101844.87,4.5,Feb,2050
2037,3,9,2037,6,160,CESM1-BGC,338109.82,4.5,Mar,2050
2037,3,10,2037,6,161,MIROC5,260518.91,4.5,Mar,2050
2037,3,14,2037,6,165,CMCC-CMS,54857.2,4.5,Mar,2050
2037,11,20,2038,2,51,CESM1-BGC,96008.04,4.5,Nov,2050
2037,11,21,2038,2,52,HadGEM2-ES,162802.25,4.5,Nov,2050
2037,12,4,2038,3,65,ACCESS1-0,462208.58,4.5,Dec,2050
2038,1,9,2038,4,101,GFDL-CM3,118607.06,4.5,Jan,2050
2038,1,11,2038,4,103,MIROC5,366776.72,4.5,Jan,2050
2038,2,1,2038,5,124,CNRM-CM5,366248.26,4.5,Feb,2050
2038,2,20,2038,5,143,CanESM2,184821.32,4.5,Feb,2050
2038,2,25,2038,5,148,CCSM4,64648.95,4.5,Feb,2050
2038,3,12,2038,6,163,CMCC-CMS,167793.39,4.5,Mar,2050
2038,3,13,2038,6,164,HadGEM2-CC,290561.29,4.5,Mar,2050
2039,1,7,2039,4,99,CCSM4,307586.74,4.5,Jan,2050
2039,1,9,2039,4,101,CNRM-CM5,293313.2,4.5,Jan,2050
2039,2,17,2039,5,140,HadGEM2-ES,273389.95,4.5,Feb,2050
2039,2,18,2039,5,141,HadGEM2-CC,240847.53,4.5,Feb,2050
2039,3,16,2039,6,167,CMCC-CMS,288534.27,4.5,Mar,2050
2039,3,18,2039,6,169,MIROC5,72553.95,4.5,Mar,2050
2039,3,25,2039,6,176,GFDL-CM3,188175.47,4.5,Mar,2050
2039,4,2,2039,7,184,CESM1-BGC,77096.87,4.5,Apr,2050
2039,4,3,2039,7,185,CanESM2,43626.76,4.5,Apr,2050
2039,4,4,2039,7,186,ACCESS1-0,319048.53,4.5,Apr,2050
2041,1,13,2041,4,105,CMCC-CMS,266737.64,4.5,Jan,2050
2041,1,19,2041,4,111,CESM1-BGC,324106.67,4.5,Jan,2050
2041,1,24,2041,4,116,GFDL-CM3,188955.76,4.5,Jan,2050
2041,2,3,2041,5,126,HadGEM2-CC,113826.52,4.5,Feb,2050
2041,2,13,2041,5,136,CCSM4,310486.61,4.5,Feb,2050
2041,2,21,2041,5,144,CanESM2,45316.83,4.5,Feb,2050
2041,3,25,2041,6,176,ACCESS1-0,107366.91,4.5,Mar,2050
2041,4,12,2041,7,194,MIROC5,65944.24,4.5,Apr,2050
2041,4,16,2041,7,198,CNRM-CM5,51775.35,4.5,Apr,2050
2041,4,27,2041,7,209,HadGEM2-ES,132987.62,4.5,Apr,2050
2041,12,3,2042,3,64,ACCESS1-0,232710.34,4.5,Dec,2050
2041,12,21,2042,3,82,HadGEM2-CC,155305.11,4.5,Dec,2050
2042,2,4,2042,5,127,HadGEM2-ES,101036.33,4.5,Feb,2050
2042,2,16,2042,5,139,CCSM4,272152.45,4.5,Feb,2050
2042,3,15,2042,6,166,CNRM-CM5,83237.66,4.5,Mar,2050
2042,3,24,2042,6,175,CanESM2,311760.5,4.5,Mar,2050
2042,3,27,2042,6,178,MIROC5,68758.36,4.5,Mar,2050
2042,4,2,2042,7,184,CESM1-BGC,110124.01,4.5,Apr,2050
2042,4,4,2042,7,186,CMCC-CMS,61547.03,4.5,Apr,2050
2042,5,2,2042,8,214,GFDL-CM3,81851.97,4.5,May,2050
2042,11,24,2043,2,55,CESM1-BGC,72852.87,4.5,Nov,2050
2043,1,3,2043,4,95,CMCC-CMS,344026.24,4.5,Jan,2050
2043,1,3,2043,4,95,CNRM-CM5,275393.66,4.5,Jan,2050
2043,1,8,2043,4,100,MIROC5,433559.97,4.5,Jan,2050
2043,2,24,2043,5,147,CCSM4,280651.02,4.5,Feb,2050
2043,2,26,2043,5,149,CanESM2,42656.73,4.5,Feb,2050
2043,3,3,2043,6,154,HadGEM2-ES,260125.52,4.5,Mar,2050
2043,3,11,2043,6,162,GFDL-CM3,279589.7,4.5,Mar,2050
2043,4,26,2043,7,208,ACCESS1-0,248329.58,4.5,Apr,2050
2043,5,6,2043,8,218,HadGEM2-CC,242498.01,4.5,May,2050
2044,12,19,2045,3,80,CMCC-CMS,263544.17,4.5,Dec,2050
2045,1,3,2045,4,95,CNRM-CM5,336985.68,4.5,Jan,2050
2045,1,5,2045,4,97,GFDL-CM3,341982.5,4.5,Jan,2050
2045,1,6,2045,4,98,CCSM4,329728.25,4.5,Jan,2050
2045,2,2,2045,5,125,HadGEM2-CC,39745.82,4.5,Feb,2050
2045,2,9,2045,5,132,ACCESS1-0,298211.8,4.5,Feb,2050
2045,2,19,2045,5,142,CESM1-BGC,161259.07,4.5,Feb,2050
2045,2,23,2045,5,146,HadGEM2-ES,138854.05,4.5,Feb,2050
2045,2,26,2045,5,149,MIROC5,40522.13,4.5,Feb,2050
2045,3,7,2045,6,158,CanESM2,247860.78,4.5,Mar,2050
2046,1,19,2046,4,111,CanESM2,408232.44,4.5,Jan,2050
2046,1,20,2046,4,112,GFDL-CM3,40463.45,4.5,Jan,2050
2046,1,24,2046,4,116,CESM1-BGC,109933.55,4.5,Jan,2050
2046,1,30,2046,4,122,HadGEM2-CC,25529.34,4.5,Jan,2050
2046,2,5,2046,5,128,HadGEM2-ES,516575.94,4.5,Feb,2050
2046,2,21,2046,5,144,ACCESS1-0,36595.21,4.5,Feb,2050
2046,3,2,2046,6,153,CCSM4,202016.99,4.5,Mar,2050
2046,3,3,2046,6,154,CMCC-CMS,217779.4,4.5,Mar,2050
2046,3,6,2046,6,157,CNRM-CM5,385638.6,4.5,Mar,2050
2046,3,9,2046,6,160,MIROC5,286047.25,4.5,Mar,2050
2047,1,11,2047,4,103,CCSM4,39624.71,4.5,Jan,2050
2047,1,22,2047,4,114,CanESM2,351198.51,4.5,Jan,2050
2047,1,22,2047,4,114,MIROC5,286414.1,4.5,Jan,2050
2047,2,4,2047,5,127,ACCESS1-0,29982.81,4.5,Feb,2050
2047,2,11,2047,5,134,CNRM-CM5,518753.77,4.5,Feb,2050
2047,3,2,2047,6,153,CESM1-BGC,36426.9,4.5,Mar,2050
2047,3,3,2047,6,154,HadGEM2-ES,115773.57,4.5,Mar,2050
2047,3,10,2047,6,161,CMCC-CMS,344955.48,4.5,Mar,2050
2047,3,12,2047,6,163,GFDL-CM3,135223.53,4.5,Mar,2050
2047,3,18,2047,6,169,HadGEM2-CC,297254.41,4.5,Mar,2050
2048,12,6,2049,3,67,MIROC5,94493.3,4.5,Dec,2050
2049,1,11,2049,4,103,CESM1-BGC,36586.92,4.5,Jan,2050
2049,1,26,2049,4,118,CCSM4,376814.44,4.5,Jan,2050
2049,2,6,2049,5,129,CNRM-CM5,395571.09,4.5,Feb,2050
2049,3,2,2049,6,153,ACCESS1-0,204974.52,4.5,Mar,2050
2049,3,16,2049,6,167,CanESM2,318093.49,4.5,Mar,2050
2049,3,18,2049,6,169,HadGEM2-ES,31633.21,4.5,Mar,2050
2049,3,19,2049,6,170,GFDL-CM3,62433.13,4.5,Mar,2050
2049,4,3,2049,7,185,CMCC-CMS,99735.7,4.5,Apr,2050
2049,4,8,2049,7,190,HadGEM2-CC,87117.48,4.5,Apr,2050
2049,12,29,2050,3,90,CMCC-CMS,284540.01,4.5,Dec,2050
2050,1,5,2050,4,97,ACCESS1-0,298488.29,4.5,Jan,2050
2050,1,18,2050,4,110,CNRM-CM5,386709.6,4.5,Jan,2050
2050,1,19,2050,4,111,HadGEM2-ES,555885.01,4.5,Jan,2050
2050,1,24,2050,4,116,CanESM2,63241.28,4.5,Jan,2050
2050,2,15,2050,5,138,HadGEM2-CC,202854.06,4.5,Feb,2050
2050,2,16,2050,5,139,GFDL-CM3,281019.67,4.5,Feb,2050
2050,3,2,2050,6,153,CCSM4,217408.05,4.5,Mar,2050
2050,3,2,2050,6,153,CESM1-BGC,269183.45,4.5,Mar,2050
2050,3,23,2050,6,174,MIROC5,88486.78,4.5,Mar,2050
2050,12,19,2051,3,80,ACCESS1-0,185835.52,4.5,Dec,2050
2050,12,29,2051,3,90,CCSM4,111865.31,4.5,Dec,2050
2051,1,8,2051,4,100,HadGEM2-ES,276626.94,4.5,Jan,2050
2051,1,19,2051,4,111,CNRM-CM5,123564.89,4.5,Jan,2050
2051,1,25,2051,4,117,HadGEM2-CC,114465.18,4.5,Jan,2050
2051,2,22,2051,5,145,CESM1-BGC,337690.35,4.5,Feb,2050
2051,2,25,2051,5,148,CMCC-CMS,42212.74,4.5,Feb,2050
2051,3,6,2051,6,157,CanESM2,252497.76,4.5,Mar,2050
2051,3,8,2051,6,159,MIROC5,189978.46,4.5,Mar,2050
2051,3,20,2051,6,171,GFDL-CM3,132519.4,4.5,Mar,2050
2052,12,13,2053,3,74,HadGEM2-CC,402035.29,4.5,Dec,2050
2053,1,20,2053,4,112,CanESM2,206278.95,4.5,Jan,2050
2053,1,24,2053,4,116,ACCESS1-0,383706.09,4.5,Jan,2050
2053,1,28,2053,4,120,CCSM4,158089.43,4.5,Jan,2050
2053,2,5,2053,5,128,CESM1-BGC,82388.29,4.5,Feb,2050
2053,2,9,2053,5,132,MIROC5,69641.5,4.5,Feb,2050
2053,3,5,2053,6,156,GFDL-CM3,92168.16,4.5,Mar,2050
2053,3,8,2053,6,159,HadGEM2-ES,126595.01,4.5,Mar,2050
2053,3,17,2053,6,168,CMCC-CMS,88096.29,4.5,Mar,2050
2053,3,17,2053,6,168,CNRM-CM5,44107.5,4.5,Mar,2050
2054,1,11,2054,4,103,MIROC5,365244.52,4.5,Jan,2050
2054,2,11,2054,5,134,CNRM-CM5,364490.3,4.5,Feb,2050
2054,2,18,2054,5,141,CESM1-BGC,52545.5,4.5,Feb,2050
2054,2,20,2054,5,143,CMCC-CMS,41962.99,4.5,Feb,2050
2054,2,25,2054,5,148,ACCESS1-0,41740.94,4.5,Feb,2050
2054,3,6,2054,6,157,CCSM4,406855.93,4.5,Mar,2050
2054,3,8,2054,6,159,HadGEM2-CC,85069.24,4.5,Mar,2050
2054,3,15,2054,6,166,GFDL-CM3,160821.96,4.5,Mar,2050
2054,3,23,2054,6,174,CanESM2,171059.03,4.5,Mar,2050
2054,7,6,2054,10,279,HadGEM2-ES,22288.02,4.5,Jul,2050
2054,12,25,2055,3,86,MIROC5,243435.4,4.5,Dec,2050
2055,1,14,2055,4,106,CMCC-CMS,83724.78,4.5,Jan,2050
2055,2,4,2055,5,127,CCSM4,107041.75,4.5,Feb,2050
2055,2,4,2055,5,127,CanESM2,355835.35,4.5,Feb,2050
2055,2,15,2055,5,138,HadGEM2-ES,67391.96,4.5,Feb,2050
2055,2,25,2055,5,148,HadGEM2-CC,87947.68,4.5,Feb,2050
2055,3,2,2055,6,153,CNRM-CM5,181644.84,4.5,Mar,2050
2055,3,11,2055,6,162,ACCESS1-0,101016.93,4.5,Mar,2050
2055,3,12,2055,6,163,GFDL-CM3,360118.6,4.5,Mar,2050
2055,3,20,2055,6,171,CESM1-BGC,270934.31,4.5,Mar,2050
2057,1,3,2057,4,95,HadGEM2-CC,380008.33,4.5,Jan,2050
2057,1,13,2057,4,105,CESM1-BGC,281867.69,4.5,Jan,2050
2057,1,18,2057,4,110,CNRM-CM5,118052.52,4.5,Jan,2050
2057,1,19,2057,4,111,CMCC-CMS,28422.26,4.5,Jan,2050
2057,1,22,2057,4,114,ACCESS1-0,216608.63,4.5,Jan,2050
2057,3,3,2057,6,154,CCSM4,143909.59,4.5,Mar,2050
2057,3,9,2057,6,160,HadGEM2-ES,184544.05,4.5,Mar,2050
2057,3,13,2057,6,164,GFDL-CM3,217208.05,4.5,Mar,2050
2057,3,19,2057,6,170,CanESM2,117117.83,4.5,Mar,2050
2057,4,17,2057,7,199,MIROC5,73193.1,4.5,Apr,2050
2057,12,5,2058,3,66,MIROC5,29500.23,4.5,Dec,2050
2057,12,19,2058,3,80,CMCC-CMS,59264.09,4.5,Dec,2050
2058,1,13,2058,4,105,CESM1-BGC,121092.82,4.5,Jan,2050
2058,1,17,2058,4,109,GFDL-CM3,36813.01,4.5,Jan,2050
2058,1,22,2058,4,114,HadGEM2-CC,262313.78,4.5,Jan,2050
2058,2,15,2058,5,138,CCSM4,182255.18,4.5,Feb,2050
2058,3,6,2058,6,157,CNRM-CM5,243715.81,4.5,Mar,2050
2058,3,22,2058,6,173,CanESM2,196646.66,4.5,Mar,2050
2058,4,3,2058,7,185,HadGEM2-ES,47880.38,4.5,Apr,2050
2058,4,24,2058,7,206,ACCESS1-0,96525.3,4.5,Apr,2050
2059,1,3,2059,4,95,MIROC5,350606.23,4.5,Jan,2050
2059,1,8,2059,4,100,ACCESS1-0,135320.89,4.5,Jan,2050
2059,1,8,2059,4,100,CNRM-CM5,592056.9,4.5,Jan,2050
2059,1,26,2059,4,118,CanESM2,600632.32,4.5,Jan,2050
2059,2,2,2059,5,125,CESM1-BGC,251415.47,4.5,Feb,2050
2059,2,7,2059,5,130,CCSM4,231877.53,4.5,Feb,2050
2059,3,3,2059,6,154,HadGEM2-CC,176257.24,4.5,Mar,2050
2059,4,3,2059,7,185,GFDL-CM3,291748.26,4.5,Apr,2050
2059,4,12,2059,7,194,HadGEM2-ES,49551.26,4.5,Apr,2050
2059,4,26,2059,7,208,CMCC-CMS,25748.5,4.5,Apr,2050
2060,11,30,2061,2,61,GFDL-CM3,75152.01,4.5,Nov,2050
2060,12,7,2061,3,68,CNRM-CM5,252078.96,4.5,Dec,2050
2060,12,19,2061,3,80,CanESM2,288383.28,4.5,Dec,2050
2061,1,4,2061,4,96,CMCC-CMS,136100.42,4.5,Jan,2050
2061,1,23,2061,4,115,MIROC5,106227.11,4.5,Jan,2050
2061,2,1,2061,5,124,CCSM4,194728.09,4.5,Feb,2050
2061,2,8,2061,5,131,CESM1-BGC,518140,4.5,Feb,2050
2061,2,16,2061,5,139,HadGEM2-ES,228346.21,4.5,Feb,2050
2061,3,14,2061,6,165,ACCESS1-0,85416.1,4.5,Mar,2050
2061,3,14,2061,6,165,HadGEM2-CC,261959.31,4.5,Mar,2050
2061,12,13,2062,3,74,HadGEM2-CC,373020.08,4.5,Dec,2050
2062,1,24,2062,4,116,CESM1-BGC,249801.43,4.5,Jan,2050
2062,2,5,2062,5,128,CanESM2,236124.98,4.5,Feb,2050
2062,2,14,2062,5,137,CNRM-CM5,140329.52,4.5,Feb,2050
2062,2,20,2062,5,143,ACCESS1-0,141242.32,4.5,Feb,2050
2062,3,7,2062,6,158,MIROC5,46370.26,4.5,Mar,2050
2062,4,4,2062,7,186,CCSM4,208636.85,4.5,Apr,2050
2062,4,20,2062,7,202,GFDL-CM3,351165.99,4.5,Apr,2050
2062,4,23,2062,7,205,CMCC-CMS,84025.29,4.5,Apr,2050
2062,4,28,2062,7,210,HadGEM2-ES,37434.47,4.5,Apr,2050
2063,1,14,2063,4,106,CanESM2,347631.15,4.5,Jan,2050
2063,1,21,2063,4,113,CCSM4,346586.93,4.5,Jan,2050
2063,1,29,2063,4,121,CMCC-CMS,177800.24,4.5,Jan,2050
2063,1,31,2063,4,123,HadGEM2-CC,37698.42,4.5,Jan,2050
2063,2,13,2063,5,136,HadGEM2-ES,239472.68,4.5,Feb,2050
2063,2,14,2063,5,137,ACCESS1-0,295498.84,4.5,Feb,2050
2063,2,16,2063,5,139,CNRM-CM5,181787.2,4.5,Feb,2050
2063,2,17,2063,5,140,GFDL-CM3,544146.25,4.5,Feb,2050
2063,3,10,2063,6,161,MIROC5,77673.53,4.5,Mar,2050
2063,3,22,2063,6,173,CESM1-BGC,113312.64,4.5,Mar,2050
2069,12,5,2070,3,66,HadGEM2-CC,362654.99,4.5,Dec,2085
2070,1,30,2070,4,122,HadGEM2-ES,183229.57,4.5,Jan,2085
2070,2,4,2070,5,127,CNRM-CM5,357322.34,4.5,Feb,2085
2070,2,4,2070,5,127,GFDL-CM3,75686.94,4.5,Feb,2085
2070,2,21,2070,5,144,CCSM4,248016.92,4.5,Feb,2085
2070,3,5,2070,6,156,ACCESS1-0,96900.48,4.5,Mar,2085
2070,3,20,2070,6,171,CESM1-BGC,256122.85,4.5,Mar,2085
2070,3,31,2070,6,182,CMCC-CMS,216914.72,4.5,Mar,2085
2070,4,2,2070,7,184,MIROC5,60154.15,4.5,Apr,2085
2070,4,16,2070,7,198,CanESM2,153722.67,4.5,Apr,2085
2070,12,31,2071,3,92,CNRM-CM5,172480.29,4.5,Dec,2085
2071,1,8,2071,4,100,CMCC-CMS,48433.14,4.5,Jan,2085
2071,1,15,2071,4,107,CCSM4,269600.19,4.5,Jan,2085
2071,1,24,2071,4,116,GFDL-CM3,75517.43,4.5,Jan,2085
2071,1,24,2071,4,116,HadGEM2-CC,276672.55,4.5,Jan,2085
2071,1,26,2071,4,118,HadGEM2-ES,34307.07,4.5,Jan,2085
2071,2,3,2071,5,126,MIROC5,291087.4,4.5,Feb,2085
2071,3,8,2071,6,159,CanESM2,372873.96,4.5,Mar,2085
2071,3,11,2071,6,162,CESM1-BGC,101862.08,4.5,Mar,2085
2071,4,12,2071,7,194,ACCESS1-0,40599.47,4.5,Apr,2085
2073,1,2,2073,4,94,GFDL-CM3,234505.09,4.5,Jan,2085
2073,1,3,2073,4,95,CNRM-CM5,758274.55,4.5,Jan,2085
2073,1,25,2073,4,117,ACCESS1-0,278313.67,4.5,Jan,2085
2073,1,31,2073,4,123,CCSM4,334215.58,4.5,Jan,2085
2073,2,24,2073,5,147,HadGEM2-CC,270508.19,4.5,Feb,2085
2073,3,15,2073,6,166,CMCC-CMS,630060.99,4.5,Mar,2085
2073,3,16,2073,6,167,CanESM2,101543,4.5,Mar,2085
2073,3,16,2073,6,167,MIROC5,422385.29,4.5,Mar,2085
2073,4,12,2073,7,194,CESM1-BGC,42284.02,4.5,Apr,2085
2073,4,15,2073,7,197,HadGEM2-ES,59673.19,4.5,Apr,2085
2073,12,31,2074,3,92,GFDL-CM3,255069.07,4.5,Dec,2085
2074,1,23,2074,4,115,CMCC-CMS,280449.09,4.5,Jan,2085
2074,2,6,2074,5,129,ACCESS1-0,155428.7,4.5,Feb,2085
2074,2,7,2074,5,130,CNRM-CM5,328071.08,4.5,Feb,2085
2074,2,15,2074,5,138,CCSM4,93731.72,4.5,Feb,2085
2074,2,26,2074,5,149,MIROC5,185288.14,4.5,Feb,2085
2074,3,2,2074,6,153,CanESM2,248719.95,4.5,Mar,2085
2074,3,3,2074,6,154,CESM1-BGC,270088.43,4.5,Mar,2085
2074,3,4,2074,6,155,HadGEM2-CC,179721.03,4.5,Mar,2085
2074,3,9,2074,6,160,HadGEM2-ES,288162.99,4.5,Mar,2085
2074,12,3,2075,3,64,MIROC5,236316.81,4.5,Dec,2085
2075,1,4,2075,4,96,GFDL-CM3,225695.54,4.5,Jan,2085
2075,1,22,2075,4,114,ACCESS1-0,412255.17,4.5,Jan,2085
2075,2,7,2075,5,130,CNRM-CM5,185961.46,4.5,Feb,2085
2075,2,12,2075,5,135,CanESM2,267314.67,4.5,Feb,2085
2075,2,18,2075,5,141,CESM1-BGC,252289.37,4.5,Feb,2085
2075,2,20,2075,5,143,CMCC-CMS,242689.29,4.5,Feb,2085
2075,3,2,2075,6,153,HadGEM2-ES,58168.15,4.5,Mar,2085
2075,3,4,2075,6,155,HadGEM2-CC,60143.64,4.5,Mar,2085
2075,3,10,2075,6,161,CCSM4,238418.8,4.5,Mar,2085
2076,12,2,2077,3,63,CMCC-CMS,161195.9,4.5,Dec,2085
2077,1,13,2077,4,105,CCSM4,438043.46,4.5,Jan,2085
2077,1,22,2077,4,114,CanESM2,605075.52,4.5,Jan,2085
2077,1,29,2077,4,121,CESM1-BGC,312302.24,4.5,Jan,2085
2077,2,7,2077,5,130,HadGEM2-ES,275102.8,4.5,Feb,2085
2077,2,18,2077,5,141,CNRM-CM5,597084.83,4.5,Feb,2085
2077,3,2,2077,6,153,HadGEM2-CC,391728.97,4.5,Mar,2085
2077,3,7,2077,6,158,GFDL-CM3,269630.84,4.5,Mar,2085
2077,3,28,2077,6,179,MIROC5,41575.85,4.5,Mar,2085
2077,4,8,2077,7,190,ACCESS1-0,316444.14,4.5,Apr,2085
2077,12,3,2078,3,64,CCSM4,30113.17,4.5,Dec,2085
2078,1,24,2078,4,116,HadGEM2-CC,324384.4,4.5,Jan,2085
2078,1,30,2078,4,122,ACCESS1-0,457517.98,4.5,Jan,2085
2078,2,6,2078,5,129,CNRM-CM5,617690.18,4.5,Feb,2085
2078,2,21,2078,5,144,CESM1-BGC,364974.64,4.5,Feb,2085
2078,3,7,2078,6,158,CanESM2,92996.3,4.5,Mar,2085
2078,4,3,2078,7,185,CMCC-CMS,95836.17,4.5,Apr,2085
2078,4,3,2078,7,185,GFDL-CM3,114088.04,4.5,Apr,2085
2078,4,3,2078,7,185,MIROC5,99958.84,4.5,Apr,2085
2078,4,21,2078,7,203,HadGEM2-ES,63839.7,4.5,Apr,2085
2078,12,29,2079,3,90,CCSM4,101722.58,4.5,Dec,2085
2079,1,3,2079,4,95,CNRM-CM5,365938.18,4.5,Jan,2085
2079,1,9,2079,4,101,CMCC-CMS,223791.8,4.5,Jan,2085
2079,1,23,2079,4,115,MIROC5,96790.64,4.5,Jan,2085
2079,1,29,2079,4,121,HadGEM2-CC,441409.22,4.5,Jan,2085
2079,2,1,2079,5,124,GFDL-CM3,147475.08,4.5,Feb,2085
2079,2,4,2079,5,127,HadGEM2-ES,289395.8,4.5,Feb,2085
2079,3,9,2079,6,160,CanESM2,313908.73,4.5,Mar,2085
2079,4,6,2079,7,188,ACCESS1-0,157674.45,4.5,Apr,2085
2079,9,27,2079,12,362,CESM1-BGC,57392.34,4.5,Sep,2085
2080,12,29,2081,3,90,MIROC5,65074.13,4.5,Dec,2085
2081,1,11,2081,4,103,GFDL-CM3,68076.77,4.5,Jan,2085
2081,1,17,2081,4,109,CanESM2,588855.02,4.5,Jan,2085
2081,2,2,2081,5,125,ACCESS1-0,78020.85,4.5,Feb,2085
2081,2,3,2081,5,126,HadGEM2-ES,75613.81,4.5,Feb,2085
2081,2,10,2081,5,133,HadGEM2-CC,60297.45,4.5,Feb,2085
2081,2,14,2081,5,137,CCSM4,275368.31,4.5,Feb,2085
2081,3,3,2081,6,154,CESM1-BGC,208325.23,4.5,Mar,2085
2081,3,12,2081,6,163,CNRM-CM5,65708.88,4.5,Mar,2085
2081,4,27,2081,7,209,CMCC-CMS,54652.05,4.5,Apr,2085
2081,12,10,2082,3,71,MIROC5,317006.57,4.5,Dec,2085
2082,1,4,2082,4,96,HadGEM2-CC,110451.58,4.5,Jan,2085
2082,1,7,2082,4,99,CanESM2,133765.56,4.5,Jan,2085
2082,1,14,2082,4,106,CESM1-BGC,364729.56,4.5,Jan,2085
2082,2,1,2082,5,124,GFDL-CM3,114098.83,4.5,Feb,2085
2082,2,2,2082,5,125,CCSM4,164669.45,4.5,Feb,2085
2082,2,23,2082,5,146,CNRM-CM5,591964.31,4.5,Feb,2085
2082,3,2,2082,6,153,CMCC-CMS,287096.2,4.5,Mar,2085
2082,3,8,2082,6,159,HadGEM2-ES,183219.32,4.5,Mar,2085
2082,3,13,2082,6,164,ACCESS1-0,81039.9,4.5,Mar,2085
2082,12,27,2083,3,88,MIROC5,47727.86,4.5,Dec,2085
2083,1,17,2083,4,109,CESM1-BGC,561317.63,4.5,Jan,2085
2083,2,5,2083,5,128,GFDL-CM3,270603.94,4.5,Feb,2085
2083,2,11,2083,5,134,CNRM-CM5,315594.53,4.5,Feb,2085
2083,2,23,2083,5,146,HadGEM2-ES,68889.35,4.5,Feb,2085
2083,3,1,2083,6,152,CanESM2,139910.63,4.5,Mar,2085
2083,3,5,2083,6,156,CCSM4,326223.67,4.5,Mar,2085
2083,3,7,2083,6,158,ACCESS1-0,341835.85,4.5,Mar,2085
2083,3,17,2083,6,168,HadGEM2-CC,285307.28,4.5,Mar,2085
2083,3,29,2083,6,180,CMCC-CMS,129552.33,4.5,Mar,2085
2084,12,7,2085,3,68,CMCC-CMS,27648.03,4.5,Dec,2085
2085,1,8,2085,4,100,CanESM2,227064.44,4.5,Jan,2085
2085,1,22,2085,4,114,HadGEM2-CC,260913.62,4.5,Jan,2085
2085,2,1,2085,5,124,CESM1-BGC,160896.06,4.5,Feb,2085
2085,2,3,2085,5,126,GFDL-CM3,266345.91,4.5,Feb,2085
2085,2,22,2085,5,145,MIROC5,101189.53,4.5,Feb,2085
2085,2,23,2085,5,146,CCSM4,483575.6,4.5,Feb,2085
2085,2,28,2085,5,151,CNRM-CM5,383068.21,4.5,Feb,2085
2085,3,3,2085,6,154,ACCESS1-0,71481.31,4.5,Mar,2085
2085,3,22,2085,6,173,HadGEM2-ES,82306.88,4.5,Mar,2085
2085,12,19,2086,3,80,HadGEM2-ES,23303.66,4.5,Dec,2085
2086,2,3,2086,5,126,ACCESS1-0,199555.2,4.5,Feb,2085
2086,2,11,2086,5,134,CMCC-CMS,153232.67,4.5,Feb,2085
2086,2,18,2086,5,141,CNRM-CM5,275680.72,4.5,Feb,2085
2086,2,20,2086,5,143,HadGEM2-CC,361118.49,4.5,Feb,2085
2086,2,28,2086,5,151,CESM1-BGC,331970.09,4.5,Feb,2085
2086,3,8,2086,6,159,CanESM2,630653.36,4.5,Mar,2085
2086,3,20,2086,6,171,CCSM4,23438.39,4.5,Mar,2085
2086,4,14,2086,7,196,MIROC5,61023.01,4.5,Apr,2085
2086,4,24,2086,7,206,GFDL-CM3,99769.22,4.5,Apr,2085
2087,1,3,2087,4,95,HadGEM2-CC,82869.18,4.5,Jan,2085
2087,1,13,2087,4,105,CMCC-CMS,269527.47,4.5,Jan,2085
2087,1,15,2087,4,107,CanESM2,57538.58,4.5,Jan,2085
2087,1,19,2087,4,111,CCSM4,66301.37,4.5,Jan,2085
2087,1,26,2087,4,118,GFDL-CM3,275406.64,4.5,Jan,2085
2087,2,5,2087,5,128,ACCESS1-0,207232.21,4.5,Feb,2085
2087,3,3,2087,6,154,CESM1-BGC,224712.01,4.5,Mar,2085
2087,3,17,2087,6,168,MIROC5,160415.53,4.5,Mar,2085
2087,3,20,2087,6,171,HadGEM2-ES,75998.38,4.5,Mar,2085
2087,3,22,2087,6,173,CNRM-CM5,252698.41,4.5,Mar,2085
2089,1,20,2089,4,112,CESM1-BGC,79609.45,4.5,Jan,2085
2089,2,15,2089,5,138,HadGEM2-ES,330208.99,4.5,Feb,2085
2089,2,16,2089,5,139,ACCESS1-0,54064.62,4.5,Feb,2085
2089,2,20,2089,5,143,CNRM-CM5,291188.99,4.5,Feb,2085
2089,2,21,2089,5,144,CanESM2,368228.21,4.5,Feb,2085
2089,3,16,2089,6,167,MIROC5,394191.03,4.5,Mar,2085
2089,3,22,2089,6,173,CCSM4,189598.01,4.5,Mar,2085
2089,3,24,2089,6,175,HadGEM2-CC,48680.27,4.5,Mar,2085
2089,4,8,2089,7,190,GFDL-CM3,39659.14,4.5,Apr,2085
2089,5,14,2089,8,226,CMCC-CMS,258585.56,4.5,May,2085
2089,12,7,2090,3,68,CMCC-CMS,301200.06,4.5,Dec,2085
2089,12,30,2090,3,91,MIROC5,29545.83,4.5,Dec,2085
2090,1,18,2090,4,110,HadGEM2-ES,139749.46,4.5,Jan,2085
2090,2,3,2090,5,126,CESM1-BGC,52955.69,4.5,Feb,2085
2090,2,10,2090,5,133,CNRM-CM5,341012.72,4.5,Feb,2085
2090,2,13,2090,5,136,HadGEM2-CC,241670.03,4.5,Feb,2085
2090,2,23,2090,5,146,CanESM2,317980.74,4.5,Feb,2085
2090,2,25,2090,5,148,CCSM4,83236.31,4.5,Feb,2085
2090,3,14,2090,6,165,GFDL-CM3,141991.45,4.5,Mar,2085
2090,4,1,2090,7,183,ACCESS1-0,36631.61,4.5,Apr,2085
2091,1,7,2091,4,99,HadGEM2-ES,284716.39,4.5,Jan,2085
2091,1,15,2091,4,107,CMCC-CMS,242442.4,4.5,Jan,2085
2091,1,19,2091,4,111,CESM1-BGC,445144.34,4.5,Jan,2085
2091,1,22,2091,4,114,CCSM4,42307.45,4.5,Jan,2085
2091,1,26,2091,4,118,ACCESS1-0,57839.57,4.5,Jan,2085
2091,1,31,2091,4,123,MIROC5,153859.58,4.5,Jan,2085
2091,3,10,2091,6,161,GFDL-CM3,168540.15,4.5,Mar,2085
2091,3,19,2091,6,170,HadGEM2-CC,55303.47,4.5,Mar,2085
2091,3,25,2091,6,176,CNRM-CM5,152954.29,4.5,Mar,2085
2091,5,8,2091,8,220,CanESM2,29330.3,4.5,May,2085
2092,12,11,2093,3,72,HadGEM2-CC,215888,4.5,Dec,2085
2092,12,28,2093,3,89,GFDL-CM3,245286.61,4.5,Dec,2085
2093,1,8,2093,4,100,ACCESS1-0,176524.56,4.5,Jan,2085
2093,1,19,2093,4,111,CESM1-BGC,407356.55,4.5,Jan,2085
2093,2,7,2093,5,130,CCSM4,287205.51,4.5,Feb,2085
2093,2,13,2093,5,136,CanESM2,417316.32,4.5,Feb,2085
2093,2,27,2093,5,150,CNRM-CM5,160860.21,4.5,Feb,2085
2093,2,28,2093,5,151,HadGEM2-ES,68028.8,4.5,Feb,2085
2093,4,2,2093,7,184,CMCC-CMS,40762.56,4.5,Apr,2085
2093,4,3,2093,7,185,MIROC5,54698.16,4.5,Apr,2085
2094,1,11,2094,4,103,CanESM2,511609.75,4.5,Jan,2085
2094,1,14,2094,4,106,CMCC-CMS,351845.15,4.5,Jan,2085
2094,1,18,2094,4,110,GFDL-CM3,349030.17,4.5,Jan,2085
2094,1,28,2094,4,120,HadGEM2-CC,68842.95,4.5,Jan,2085
2094,2,13,2094,5,136,CESM1-BGC,37737.17,4.5,Feb,2085
2094,2,13,2094,5,136,HadGEM2-ES,33302.64,4.5,Feb,2085
2094,2,13,2094,5,136,MIROC5,65935.6,4.5,Feb,2085
2094,2,15,2094,5,138,CCSM4,264981.52,4.5,Feb,2085
2094,2,16,2094,5,139,CNRM-CM5,125162.37,4.5,Feb,2085
2094,3,19,2094,6,170,ACCESS1-0,210420.57,4.5,Mar,2085
2094,12,3,2095,3,64,GFDL-CM3,272225.93,4.5,Dec,2085
2095,1,12,2095,4,104,ACCESS1-0,357036.12,4.5,Jan,2085
2095,1,12,2095,4,104,MIROC5,32703.7,4.5,Jan,2085
2095,1,14,2095,4,106,CanESM2,354015.86,4.5,Jan,2085
2095,2,1,2095,5,124,CMCC-CMS,473554.31,4.5,Feb,2085
2095,2,1,2095,5,124,HadGEM2-CC,65133.96,4.5,Feb,2085
2095,2,1,2095,5,124,HadGEM2-ES,78427.24,4.5,Feb,2085
2095,2,4,2095,5,127,CCSM4,296692.24,4.5,Feb,2085
2095,2,16,2095,5,139,CNRM-CM5,465517.41,4.5,Feb,2085
2095,6,2,2095,9,245,CESM1-BGC,153760.23,4.5,Jun,2085
2096,12,28,2097,3,89,CESM1-BGC,33774.47,4.5,Dec,2085
2097,1,31,2097,4,123,HadGEM2-ES,56264.5,4.5,Jan,2085
2097,2,2,2097,5,125,HadGEM2-CC,44205.76,4.5,Feb,2085
2097,2,9,2097,5,132,CMCC-CMS,278926.98,4.5,Feb,2085
2097,2,13,2097,5,136,GFDL-CM3,242843.53,4.5,Feb,2085
2097,2,28,2097,5,151,CanESM2,263471.92,4.5,Feb,2085
2097,3,12,2097,6,163,CNRM-CM5,307704.09,4.5,Mar,2085
2097,3,17,2097,6,168,MIROC5,100638.22,4.5,Mar,2085
2097,4,3,2097,7,185,ACCESS1-0,77121.75,4.5,Apr,2085
2097,5,13,2097,8,225,CCSM4,26992.26,4.5,May,2085
2097,12,13,2098,3,74,HadGEM2-ES,133986.99,4.5,Dec,2085
2098,1,10,2098,4,102,CanESM2,651043.54,4.5,Jan,2085
2098,1,13,2098,4,105,CCSM4,379143.96,4.5,Jan,2085
2098,1,23,2098,4,115,GFDL-CM3,231181.2,4.5,Jan,2085
2098,2,2,2098,5,125,CMCC-CMS,380273.9,4.5,Feb,2085
2098,3,3,2098,6,154,MIROC5,255912.93,4.5,Mar,2085
2098,3,4,2098,6,155,CNRM-CM5,366090.87,4.5,Mar,2085
2098,3,16,2098,6,167,CESM1-BGC,54642.36,4.5,Mar,2085
2098,3,24,2098,6,175,ACCESS1-0,37176.03,4.5,Mar,2085
2098,4,9,2098,7,191,HadGEM2-CC,119540.78,4.5,Apr,2085
2099,1,3,2099,4,95,MIROC5,403324.97,4.5,Jan,2085
2099,2,4,2099,5,127,ACCESS1-0,59463.37,4.5,Feb,2085
2099,2,7,2099,5,130,GFDL-CM3,175730.41,4.5,Feb,2085
2099,2,14,2099,5,137,CMCC-CMS,155276.57,4.5,Feb,2085
2099,2,24,2099,5,147,CanESM2,462620.33,4.5,Feb,2085
2099,3,3,2099,6,154,HadGEM2-ES,332520.58,4.5,Mar,2085
2099,3,6,2099,6,157,CCSM4,174275.37,4.5,Mar,2085
2099,3,12,2099,6,163,HadGEM2-CC,103033.51,4.5,Mar,2085
2099,3,25,2099,6,176,CESM1-BGC,112563.31,4.5,Mar,2085
2099,3,26,2099,6,177,CNRM-CM5,117162.24,4.5,Mar,2085
1983,10,26,1984,1,26,CNRM-CM5,40008.09,8.5,Oct,1996
1984,1,10,1984,4,102,GFDL-CM3,46713.06,8.5,Jan,1996
1984,1,14,1984,4,106,CCSM4,208647.59,8.5,Jan,1996
1984,1,23,1984,4,115,CESM1-BGC,381333.01,8.5,Jan,1996
1984,1,29,1984,4,121,MIROC5,25449.46,8.5,Jan,1996
1984,2,10,1984,5,133,CMCC-CMS,302378.96,8.5,Feb,1996
1984,2,21,1984,5,144,HadGEM2-ES,230110.53,8.5,Feb,1996
1984,3,28,1984,6,180,CanESM2,107260.58,8.5,Mar,1996
1984,5,5,1984,8,218,HadGEM2-CC,75158.04,8.5,May,1996
1984,6,5,1984,9,249,ACCESS1-0,158213.56,8.5,Jun,1996
1987,11,27,1988,2,58,CESM1-BGC,57880.05,8.5,Nov,1996
1987,12,19,1988,3,80,CanESM2,163959.82,8.5,Dec,1996
1988,1,14,1988,4,106,HadGEM2-CC,73883.45,8.5,Jan,1996
1988,1,17,1988,4,109,CCSM4,291768.03,8.5,Jan,1996
1988,1,19,1988,4,111,GFDL-CM3,158905.69,8.5,Jan,1996
1988,1,21,1988,4,113,HadGEM2-ES,392202.48,8.5,Jan,1996
1988,1,24,1988,4,116,CMCC-CMS,57493.91,8.5,Jan,1996
1988,2,1,1988,5,124,CNRM-CM5,50396.02,8.5,Feb,1996
1988,2,22,1988,5,145,MIROC5,61648.29,8.5,Feb,1996
1988,5,3,1988,8,216,ACCESS1-0,46417.77,8.5,May,1996
1991,12,28,1992,3,89,GFDL-CM3,346054.34,8.5,Dec,1996
1992,1,15,1992,4,107,HadGEM2-ES,97867.36,8.5,Jan,1996
1992,2,1,1992,5,124,CCSM4,345064.16,8.5,Feb,1996
1992,2,8,1992,5,131,HadGEM2-CC,198607.19,8.5,Feb,1996
1992,2,16,1992,5,139,MIROC5,254481.03,8.5,Feb,1996
1992,2,26,1992,5,149,CMCC-CMS,264901.59,8.5,Feb,1996
1992,3,3,1992,6,155,CESM1-BGC,154508.3,8.5,Mar,1996
1992,4,7,1992,7,190,CNRM-CM5,114344.91,8.5,Apr,1996
1992,4,14,1992,7,197,ACCESS1-0,124166.14,8.5,Apr,1996
1992,5,25,1992,8,238,CanESM2,166739.03,8.5,May,1996
1996,1,13,1996,4,105,CMCC-CMS,242607.04,8.5,Jan,1996
1996,1,26,1996,4,118,CESM1-BGC,54539.08,8.5,Jan,1996
1996,2,4,1996,5,127,ACCESS1-0,73557.59,8.5,Feb,1996
1996,2,13,1996,5,136,MIROC5,48539.09,8.5,Feb,1996
1996,3,7,1996,6,159,HadGEM2-CC,283590.33,8.5,Mar,1996
1996,3,10,1996,6,162,CCSM4,187692.65,8.5,Mar,1996
1996,3,17,1996,6,169,CanESM2,290964,8.5,Mar,1996
1996,4,12,1996,7,195,GFDL-CM3,105819.3,8.5,Apr,1996
1996,4,26,1996,7,209,CNRM-CM5,228617.63,8.5,Apr,1996
1996,5,3,1996,8,216,HadGEM2-ES,96892.68,8.5,May,1996
1999,12,13,2000,3,74,CCSM4,112879.96,8.5,Dec,1996
2000,1,17,2000,4,109,CESM1-BGC,325909.06,8.5,Jan,1996
2000,2,2,2000,5,125,CanESM2,280873.06,8.5,Feb,1996
2000,2,3,2000,5,126,GFDL-CM3,52422.08,8.5,Feb,1996
2000,2,6,2000,5,129,MIROC5,94443.11,8.5,Feb,1996
2000,2,11,2000,5,134,ACCESS1-0,153914.2,8.5,Feb,1996
2000,3,5,2000,6,157,HadGEM2-ES,116097.92,8.5,Mar,1996
2000,3,13,2000,6,165,CMCC-CMS,58655.26,8.5,Mar,1996
2000,4,14,2000,7,197,HadGEM2-CC,116708.12,8.5,Apr,1996
2000,5,7,2000,8,220,CNRM-CM5,71083.01,8.5,May,1996
2004,1,26,2004,4,118,GFDL-CM3,89781.09,8.5,Jan,1996
2004,2,1,2004,5,124,HadGEM2-CC,398936.41,8.5,Feb,1996
2004,2,3,2004,5,126,CNRM-CM5,267287.72,8.5,Feb,1996
2004,2,19,2004,5,142,MIROC5,206323.58,8.5,Feb,1996
2004,2,26,2004,5,149,CCSM4,127098.73,8.5,Feb,1996
2004,3,6,2004,6,158,CMCC-CMS,342181.5,8.5,Mar,1996
2004,3,18,2004,6,170,CanESM2,86787.87,8.5,Mar,1996
2004,3,24,2004,6,176,ACCESS1-0,44229.59,8.5,Mar,1996
2004,5,1,2004,8,214,HadGEM2-ES,30735.82,8.5,May,1996
2004,5,3,2004,8,216,CESM1-BGC,90249.8,8.5,May,1996
2007,11,30,2008,2,61,CESM1-BGC,169005.01,8.5,Nov,1996
2007,12,15,2008,3,76,ACCESS1-0,309312.77,8.5,Dec,1996
2008,1,24,2008,4,116,GFDL-CM3,257841.28,8.5,Jan,1996
2008,2,3,2008,5,126,MIROC5,89985.49,8.5,Feb,1996
2008,2,12,2008,5,135,CanESM2,53675.95,8.5,Feb,1996
2008,2,16,2008,5,139,HadGEM2-ES,133808.87,8.5,Feb,1996
2008,3,2,2008,6,154,CMCC-CMS,50747.84,8.5,Mar,1996
2008,4,1,2008,7,184,CCSM4,56656.34,8.5,Apr,1996
2008,4,2,2008,7,185,HadGEM2-CC,104715.88,8.5,Apr,1996
2008,4,14,2008,7,197,CNRM-CM5,29363.47,8.5,Apr,1996
2035,12,18,2036,3,79,ACCESS1-0,84853.56,8.5,Dec,2050
2035,12,28,2036,3,89,HadGEM2-ES,331512.14,8.5,Dec,2050
2036,1,17,2036,4,109,CanESM2,74703.32,8.5,Jan,2050
2036,2,3,2036,5,126,CNRM-CM5,399984.08,8.5,Feb,2050
2036,2,29,2036,5,152,CESM1-BGC,169470.84,8.5,Feb,2050
2036,3,6,2036,6,158,MIROC5,314210.21,8.5,Mar,2050
2036,3,12,2036,6,164,CMCC-CMS,111362.69,8.5,Mar,2050
2036,3,19,2036,6,171,HadGEM2-CC,192073.81,8.5,Mar,2050
2036,4,20,2036,7,203,GFDL-CM3,272523.55,8.5,Apr,2050
2036,4,25,2036,7,208,CCSM4,126385.87,8.5,Apr,2050
2039,12,16,2040,3,77,ACCESS1-0,226574.89,8.5,Dec,2050
2039,12,30,2040,3,91,HadGEM2-ES,196760.3,8.5,Dec,2050
2040,1,1,2040,4,93,MIROC5,216152.71,8.5,Jan,2050
2040,1,15,2040,4,107,GFDL-CM3,192540.51,8.5,Jan,2050
2040,1,18,2040,4,110,CMCC-CMS,275591.32,8.5,Jan,2050
2040,2,6,2040,5,129,CCSM4,307620.47,8.5,Feb,2050
2040,2,10,2040,5,133,CESM1-BGC,273396.64,8.5,Feb,2050
2040,2,14,2040,5,137,HadGEM2-CC,185527.99,8.5,Feb,2050
2040,3,3,2040,6,155,CanESM2,144717.54,8.5,Mar,2050
2040,3,26,2040,6,178,CNRM-CM5,70067.11,8.5,Mar,2050
2044,1,10,2044,4,102,GFDL-CM3,233420.58,8.5,Jan,2050
2044,1,18,2044,4,110,CNRM-CM5,266490.83,8.5,Jan,2050
2044,2,16,2044,5,139,MIROC5,84495.15,8.5,Feb,2050
2044,2,19,2044,5,142,CanESM2,192910.47,8.5,Feb,2050
2044,2,20,2044,5,143,CCSM4,88690.25,8.5,Feb,2050
2044,2,21,2044,5,144,CESM1-BGC,82087.89,8.5,Feb,2050
2044,3,2,2044,6,154,HadGEM2-CC,54020.09,8.5,Mar,2050
2044,3,24,2044,6,176,ACCESS1-0,66507.9,8.5,Mar,2050
2044,3,29,2044,6,181,CMCC-CMS,177241.07,8.5,Mar,2050
2044,4,4,2044,7,187,HadGEM2-ES,149371.9,8.5,Apr,2050
2047,12,15,2048,3,76,CCSM4,33653.66,8.5,Dec,2050
2047,12,24,2048,3,85,HadGEM2-CC,130432.03,8.5,Dec,2050
2048,1,24,2048,4,116,CanESM2,261303.7,8.5,Jan,2050
2048,2,2,2048,5,125,CMCC-CMS,276456.81,8.5,Feb,2050
2048,2,9,2048,5,132,ACCESS1-0,108484.23,8.5,Feb,2050
2048,3,6,2048,6,158,HadGEM2-ES,298354.08,8.5,Mar,2050
2048,4,11,2048,7,194,MIROC5,178052,8.5,Apr,2050
2048,4,27,2048,7,210,CESM1-BGC,176264.41,8.5,Apr,2050
2048,5,1,2048,8,214,GFDL-CM3,120825.88,8.5,May,2050
2048,5,3,2048,8,216,CNRM-CM5,88919.26,8.5,May,2050
2052,1,10,2052,4,102,CCSM4,188314.51,8.5,Jan,2050
2052,1,27,2052,4,119,MIROC5,52101.39,8.5,Jan,2050
2052,2,13,2052,5,136,CanESM2,305705.23,8.5,Feb,2050
2052,2,21,2052,5,144,CESM1-BGC,245167.96,8.5,Feb,2050
2052,2,22,2052,5,145,HadGEM2-ES,183873.25,8.5,Feb,2050
2052,3,2,2052,6,154,GFDL-CM3,235537.01,8.5,Mar,2050
2052,3,6,2052,6,158,ACCESS1-0,230750.64,8.5,Mar,2050
2052,3,7,2052,6,159,CNRM-CM5,45248.95,8.5,Mar,2050
2052,3,14,2052,6,166,HadGEM2-CC,133877.63,8.5,Mar,2050
2052,4,11,2052,7,194,CMCC-CMS,104592.37,8.5,Apr,2050
2056,1,4,2056,4,96,CMCC-CMS,306942.52,8.5,Jan,2050
2056,1,8,2056,4,100,CESM1-BGC,211322.84,8.5,Jan,2050
2056,1,17,2056,4,109,CNRM-CM5,463751.2,8.5,Jan,2050
2056,1,25,2056,4,117,HadGEM2-CC,39644.7,8.5,Jan,2050
2056,2,2,2056,5,125,CCSM4,161505.28,8.5,Feb,2050
2056,2,22,2056,5,145,HadGEM2-ES,84792.3,8.5,Feb,2050
2056,3,18,2056,6,170,GFDL-CM3,57048.06,8.5,Mar,2050
2056,3,19,2056,6,171,ACCESS1-0,35737.44,8.5,Mar,2050
2056,3,25,2056,6,177,CanESM2,140213.59,8.5,Mar,2050
2056,4,9,2056,7,192,MIROC5,74729.63,8.5,Apr,2050
2059,12,27,2060,3,88,GFDL-CM3,266203.33,8.5,Dec,2050
2059,12,30,2060,3,91,CNRM-CM5,520118.44,8.5,Dec,2050
2060,1,9,2060,4,101,CMCC-CMS,322542.63,8.5,Jan,2050
2060,1,16,2060,4,108,CESM1-BGC,239527.94,8.5,Jan,2050
2060,1,25,2060,4,117,MIROC5,604238.63,8.5,Jan,2050
2060,2,2,2060,5,125,CanESM2,219435.49,8.5,Feb,2050
2060,2,25,2060,5,148,ACCESS1-0,42043.55,8.5,Feb,2050
2060,2,27,2060,5,150,CCSM4,213247.89,8.5,Feb,2050
2060,2,29,2060,5,152,HadGEM2-CC,39882,8.5,Feb,2050
2060,3,28,2060,6,180,HadGEM2-ES,54822.94,8.5,Mar,2050
2064,1,19,2064,4,111,MIROC5,167662.1,8.5,Jan,2050
2064,1,20,2064,4,112,CMCC-CMS,60217.43,8.5,Jan,2050
2064,1,25,2064,4,117,GFDL-CM3,265568.43,8.5,Jan,2050
2064,1,27,2064,4,119,CanESM2,702553.96,8.5,Jan,2050
2064,2,28,2064,5,151,CESM1-BGC,131569.85,8.5,Feb,2050
2064,3,5,2064,6,157,HadGEM2-CC,157162.67,8.5,Mar,2050
2064,3,7,2064,6,159,CCSM4,247414.65,8.5,Mar,2050
2064,3,26,2064,6,178,HadGEM2-ES,136273.25,8.5,Mar,2050
2064,3,29,2064,6,181,CNRM-CM5,59689.59,8.5,Mar,2050
2064,4,14,2064,7,197,ACCESS1-0,80317.13,8.5,Apr,2050
2072,1,11,2072,4,103,CCSM4,102782.35,8.5,Jan,2085
2072,1,13,2072,4,105,HadGEM2-ES,326160.83,8.5,Jan,2085
2072,1,18,2072,4,110,CanESM2,562418.96,8.5,Jan,2085
2072,2,2,2072,5,125,CNRM-CM5,286789.16,8.5,Feb,2085
2072,2,23,2072,5,146,CESM1-BGC,70339.95,8.5,Feb,2085
2072,2,25,2072,5,148,MIROC5,450304.02,8.5,Feb,2085
2072,2,26,2072,5,149,ACCESS1-0,37193.91,8.5,Feb,2085
2072,2,27,2072,5,150,CMCC-CMS,237746.63,8.5,Feb,2085
2072,3,10,2072,6,162,GFDL-CM3,290003.17,8.5,Mar,2085
2072,3,24,2072,6,176,HadGEM2-CC,226221.98,8.5,Mar,2085
2076,1,3,2076,4,95,ACCESS1-0,208622.64,8.5,Jan,2085
2076,1,9,2076,4,101,CMCC-CMS,293776.06,8.5,Jan,2085
2076,1,9,2076,4,101,CNRM-CM5,344248.32,8.5,Jan,2085
2076,1,9,2076,4,101,GFDL-CM3,170951.02,8.5,Jan,2085
2076,1,28,2076,4,120,MIROC5,354823.4,8.5,Jan,2085
2076,2,2,2076,5,125,CanESM2,139670.73,8.5,Feb,2085
2076,2,21,2076,5,144,HadGEM2-CC,334073.98,8.5,Feb,2085
2076,2,26,2076,5,149,HadGEM2-ES,89103.12,8.5,Feb,2085
2076,2,28,2076,5,151,CCSM4,81797.81,8.5,Feb,2085
2076,3,27,2076,6,179,CESM1-BGC,198221.41,8.5,Mar,2085
2079,12,27,2080,3,88,ACCESS1-0,217952.69,8.5,Dec,2085
2080,1,21,2080,4,113,CESM1-BGC,410381.95,8.5,Jan,2085
2080,1,25,2080,4,117,CMCC-CMS,302644.54,8.5,Jan,2085
2080,2,4,2080,5,127,CNRM-CM5,750569.04,8.5,Feb,2085
2080,2,7,2080,5,130,CanESM2,439844.33,8.5,Feb,2085
2080,2,13,2080,5,136,HadGEM2-ES,317920.15,8.5,Feb,2085
2080,2,18,2080,5,141,GFDL-CM3,104084.45,8.5,Feb,2085
2080,3,3,2080,6,155,CCSM4,65019.9,8.5,Mar,2085
2080,3,31,2080,6,183,MIROC5,153750,8.5,Mar,2085
2080,4,10,2080,7,193,HadGEM2-CC,49158.18,8.5,Apr,2085
2083,11,24,2084,2,55,MIROC5,228357.49,8.5,Nov,2085
2083,12,24,2084,3,85,ACCESS1-0,28577.59,8.5,Dec,2085
2084,1,12,2084,4,104,CCSM4,674611.29,8.5,Jan,2085
2084,1,19,2084,4,111,CMCC-CMS,41502.4,8.5,Jan,2085
2084,1,29,2084,4,121,CanESM2,507900.54,8.5,Jan,2085
2084,2,5,2084,5,128,HadGEM2-CC,324431.09,8.5,Feb,2085
2084,2,22,2084,5,145,CESM1-BGC,304744.75,8.5,Feb,2085
2084,3,1,2084,6,153,CNRM-CM5,80068.89,8.5,Mar,2085
2084,3,25,2084,6,177,GFDL-CM3,269066.59,8.5,Mar,2085
2084,4,22,2084,7,205,HadGEM2-ES,42820.35,8.5,Apr,2085
2087,10,4,2088,1,4,HadGEM2-ES,65006.11,8.5,Oct,2085
2087,11,25,2088,2,56,ACCESS1-0,32669.13,8.5,Nov,2085
2088,2,6,2088,5,129,CCSM4,335671.8,8.5,Feb,2085
2088,2,8,2088,5,131,CESM1-BGC,474796.73,8.5,Feb,2085
2088,2,21,2088,5,144,CMCC-CMS,336972.95,8.5,Feb,2085
2088,2,24,2088,5,147,CanESM2,64401.96,8.5,Feb,2085
2088,3,1,2088,6,153,CNRM-CM5,144867.72,8.5,Mar,2085
2088,3,3,2088,6,155,GFDL-CM3,159242.83,8.5,Mar,2085
2088,3,6,2088,6,158,MIROC5,218508.52,8.5,Mar,2085
2088,3,26,2088,6,178,HadGEM2-CC,42697.47,8.5,Mar,2085
2091,11,15,2092,2,46,HadGEM2-ES,119418.14,8.5,Nov,2085
2092,1,2,2092,4,94,ACCESS1-0,111685.53,8.5,Jan,2085
2092,1,17,2092,4,109,MIROC5,291380.09,8.5,Jan,2085
2092,1,28,2092,4,120,GFDL-CM3,25277.61,8.5,Jan,2085
2092,2,1,2092,5,124,CESM1-BGC,327570.4,8.5,Feb,2085
2092,2,1,2092,5,124,HadGEM2-CC,36048.79,8.5,Feb,2085
2092,3,2,2092,6,154,CCSM4,434672.23,8.5,Mar,2085
2092,3,3,2092,6,155,CNRM-CM5,390994.75,8.5,Mar,2085
2092,3,11,2092,6,163,CanESM2,155320.05,8.5,Mar,2085
2092,3,14,2092,6,166,CMCC-CMS,276259.84,8.5,Mar,2085
2096,1,3,2096,4,95,MIROC5,87070.68,8.5,Jan,2085
2096,1,4,2096,4,96,CNRM-CM5,303290.96,8.5,Jan,2085
2096,1,19,2096,4,111,HadGEM2-CC,241769.33,8.5,Jan,2085
2096,1,22,2096,4,114,CCSM4,106175.42,8.5,Jan,2085
2096,1,22,2096,4,114,HadGEM2-ES,486099.68,8.5,Jan,2085
2096,2,4,2096,5,127,CMCC-CMS,58057.67,8.5,Feb,2085
2096,2,15,2096,5,138,ACCESS1-0,104235.95,8.5,Feb,2085
2096,2,17,2096,5,140,CESM1-BGC,369310.27,8.5,Feb,2085
2096,3,22,2096,6,174,CanESM2,49320.96,8.5,Mar,2085
2096,3,28,2096,6,180,GFDL-CM3,131742.91,8.5,Mar,2085
1980,12,16,1981,3,77,MIROC5,376617.74,8.5,Dec,1996
1981,1,4,1981,4,96,ACCESS1-0,75895.45,8.5,Jan,1996
1981,1,5,1981,4,97,GFDL-CM3,262802.09,8.5,Jan,1996
1981,1,13,1981,4,105,CanESM2,203795.24,8.5,Jan,1996
1981,2,7,1981,5,130,CESM1-BGC,502983.24,8.5,Feb,1996
1981,2,25,1981,5,148,CCSM4,80201.84,8.5,Feb,1996
1981,3,2,1981,6,153,CMCC-CMS,324515.27,8.5,Mar,1996
1981,3,5,1981,6,156,HadGEM2-ES,211575.45,8.5,Mar,1996
1981,3,6,1981,6,157,HadGEM2-CC,113755.92,8.5,Mar,1996
1981,5,26,1981,8,238,CNRM-CM5,125255.89,8.5,May,1996
1981,12,7,1982,3,68,MIROC5,162873.66,8.5,Dec,1996
1981,12,17,1982,3,78,CCSM4,145536.11,8.5,Dec,1996
1982,1,4,1982,4,96,CanESM2,189860.53,8.5,Jan,1996
1982,1,29,1982,4,121,HadGEM2-CC,76085.06,8.5,Jan,1996
1982,2,13,1982,5,136,HadGEM2-ES,87824.48,8.5,Feb,1996
1982,3,1,1982,6,152,CESM1-BGC,458956.48,8.5,Mar,1996
1982,3,3,1982,6,154,CNRM-CM5,357104.78,8.5,Mar,1996
1982,3,31,1982,6,182,ACCESS1-0,180065.34,8.5,Mar,1996
1982,4,2,1982,7,184,GFDL-CM3,98818.86,8.5,Apr,1996
1982,6,24,1982,9,267,CMCC-CMS,26652.39,8.5,Jun,1996
1982,12,10,1983,3,71,CNRM-CM5,59010.99,8.5,Dec,1996
1983,1,5,1983,4,97,CMCC-CMS,176218.1,8.5,Jan,1996
1983,1,6,1983,4,98,CCSM4,152610.74,8.5,Jan,1996
1983,1,13,1983,4,105,ACCESS1-0,103712.98,8.5,Jan,1996
1983,2,6,1983,5,129,GFDL-CM3,146458.58,8.5,Feb,1996
1983,2,8,1983,5,131,CESM1-BGC,266649.61,8.5,Feb,1996
1983,2,26,1983,5,149,CanESM2,114367.53,8.5,Feb,1996
1983,3,3,1983,6,154,HadGEM2-ES,106944.09,8.5,Mar,1996
1983,4,6,1983,7,188,MIROC5,66656.35,8.5,Apr,1996
1983,5,4,1983,8,216,HadGEM2-CC,107591.22,8.5,May,1996
1985,1,6,1985,4,98,CMCC-CMS,63756.95,8.5,Jan,1996
1985,2,5,1985,5,128,CNRM-CM5,651663.98,8.5,Feb,1996
1985,2,5,1985,5,128,MIROC5,560725.44,8.5,Feb,1996
1985,2,16,1985,5,139,CanESM2,282632.89,8.5,Feb,1996
1985,2,25,1985,5,148,HadGEM2-CC,307659.2,8.5,Feb,1996
1985,3,22,1985,6,173,GFDL-CM3,181691.81,8.5,Mar,1996
1985,4,14,1985,7,196,CCSM4,54800.93,8.5,Apr,1996
1985,4,15,1985,7,197,ACCESS1-0,112694.76,8.5,Apr,1996
1985,5,3,1985,8,215,CESM1-BGC,70095.87,8.5,May,1996
1985,5,3,1985,8,215,HadGEM2-ES,225925.67,8.5,May,1996
1985,12,3,1986,3,64,CESM1-BGC,34607.31,8.5,Dec,1996
1986,1,14,1986,4,106,CNRM-CM5,95818.69,8.5,Jan,1996
1986,1,28,1986,4,120,HadGEM2-ES,57968.25,8.5,Jan,1996
1986,2,4,1986,5,127,HadGEM2-CC,332642.37,8.5,Feb,1996
1986,2,5,1986,5,128,GFDL-CM3,294840.56,8.5,Feb,1996
1986,2,21,1986,5,144,MIROC5,94026.35,8.5,Feb,1996
1986,3,1,1986,6,152,CanESM2,266531.54,8.5,Mar,1996
1986,3,2,1986,6,153,CCSM4,275540.18,8.5,Mar,1996
1986,3,2,1986,6,153,CMCC-CMS,79046.28,8.5,Mar,1996
1986,5,1,1986,8,213,ACCESS1-0,33921.75,8.5,May,1996
1986,12,28,1987,3,89,CanESM2,47805.32,8.5,Dec,1996
1987,1,10,1987,4,102,CCSM4,76592.84,8.5,Jan,1996
1987,1,27,1987,4,119,CMCC-CMS,60556.5,8.5,Jan,1996
1987,2,7,1987,5,130,ACCESS1-0,31162.95,8.5,Feb,1996
1987,2,19,1987,5,142,HadGEM2-CC,160096.99,8.5,Feb,1996
1987,2,20,1987,5,143,CESM1-BGC,82314.15,8.5,Feb,1996
1987,3,14,1987,6,165,GFDL-CM3,85445.83,8.5,Mar,1996
1987,3,18,1987,6,169,MIROC5,155008.62,8.5,Mar,1996
1987,4,3,1987,7,185,HadGEM2-ES,165002.05,8.5,Apr,1996
1987,5,16,1987,8,228,CNRM-CM5,53444.96,8.5,May,1996
1988,12,7,1989,3,68,CNRM-CM5,91510.29,8.5,Dec,1996
1989,1,18,1989,4,110,CMCC-CMS,227375.44,8.5,Jan,1996
1989,1,18,1989,4,110,MIROC5,48362.66,8.5,Jan,1996
1989,1,26,1989,4,118,HadGEM2-CC,61767.18,8.5,Jan,1996
1989,2,8,1989,5,131,HadGEM2-ES,95351.14,8.5,Feb,1996
1989,2,9,1989,5,132,ACCESS1-0,312209.31,8.5,Feb,1996
1989,2,24,1989,5,147,CanESM2,272076.78,8.5,Feb,1996
1989,3,7,1989,6,158,CESM1-BGC,54586.09,8.5,Mar,1996
1989,3,10,1989,6,161,CCSM4,189119.18,8.5,Mar,1996
1989,5,2,1989,8,214,GFDL-CM3,271747.46,8.5,May,1996
1989,12,3,1990,3,64,HadGEM2-CC,54133.64,8.5,Dec,1996
1989,12,29,1990,3,90,MIROC5,64154.4,8.5,Dec,1996
1990,1,5,1990,4,97,CESM1-BGC,57114.61,8.5,Jan,1996
1990,1,17,1990,4,109,GFDL-CM3,118151.03,8.5,Jan,1996
1990,1,28,1990,4,120,HadGEM2-ES,133575.09,8.5,Jan,1996
1990,2,17,1990,5,140,CNRM-CM5,238326.37,8.5,Feb,1996
1990,2,22,1990,5,145,CanESM2,478232.49,8.5,Feb,1996
1990,3,3,1990,6,154,CMCC-CMS,148463.22,8.5,Mar,1996
1990,3,12,1990,6,163,ACCESS1-0,36100.07,8.5,Mar,1996
1990,4,10,1990,7,192,CCSM4,110776.86,8.5,Apr,1996
1990,12,9,1991,3,70,HadGEM2-CC,288100.6,8.5,Dec,1996
1990,12,14,1991,3,75,HadGEM2-ES,78206.87,8.5,Dec,1996
1991,1,21,1991,4,113,CanESM2,197672.23,8.5,Jan,1996
1991,3,3,1991,6,154,GFDL-CM3,37876.11,8.5,Mar,1996
1991,3,4,1991,6,155,CMCC-CMS,47129.95,8.5,Mar,1996
1991,3,8,1991,6,159,ACCESS1-0,61320.96,8.5,Mar,1996
1991,3,23,1991,6,174,CNRM-CM5,162238.59,8.5,Mar,1996
1991,3,29,1991,6,180,CCSM4,194847.25,8.5,Mar,1996
1991,4,6,1991,7,188,MIROC5,92985.83,8.5,Apr,1996
1991,4,25,1991,7,207,CESM1-BGC,106732.17,8.5,Apr,1996
1993,1,24,1993,4,116,MIROC5,228592.97,8.5,Jan,1996
1993,2,2,1993,5,125,GFDL-CM3,65044.31,8.5,Feb,1996
1993,2,17,1993,5,140,CESM1-BGC,246910.34,8.5,Feb,1996
1993,3,3,1993,6,154,CMCC-CMS,320569.54,8.5,Mar,1996
1993,3,12,1993,6,163,CCSM4,163208.08,8.5,Mar,1996
1993,3,16,1993,6,167,CNRM-CM5,92926.1,8.5,Mar,1996
1993,4,25,1993,7,207,CanESM2,44924.6,8.5,Apr,1996
1993,5,2,1993,8,214,HadGEM2-CC,179880.94,8.5,May,1996
1993,6,3,1993,9,246,ACCESS1-0,83980.88,8.5,Jun,1996
1993,6,6,1993,9,249,HadGEM2-ES,65381.16,8.5,Jun,1996
1993,11,19,1994,2,50,MIROC5,65296.59,8.5,Nov,1996
1994,1,18,1994,4,110,GFDL-CM3,241043.72,8.5,Jan,1996
1994,3,2,1994,6,153,HadGEM2-CC,120998.99,8.5,Mar,1996
1994,3,3,1994,6,154,CNRM-CM5,188130.82,8.5,Mar,1996
1994,3,9,1994,6,160,CMCC-CMS,200611.4,8.5,Mar,1996
1994,3,16,1994,6,167,CanESM2,287162.79,8.5,Mar,1996
1994,3,21,1994,6,172,HadGEM2-ES,115023.67,8.5,Mar,1996
1994,4,2,1994,7,184,ACCESS1-0,123941.18,8.5,Apr,1996
1994,4,17,1994,7,199,CCSM4,88575.61,8.5,Apr,1996
1994,5,2,1994,8,214,CESM1-BGC,123367.22,8.5,May,1996
1994,12,8,1995,3,69,CanESM2,60869.81,8.5,Dec,1996
1994,12,10,1995,3,71,CCSM4,178110.69,8.5,Dec,1996
1994,12,12,1995,3,73,CESM1-BGC,224999.64,8.5,Dec,1996
1995,1,19,1995,4,111,CNRM-CM5,249370.18,8.5,Jan,1996
1995,1,28,1995,4,120,HadGEM2-CC,255690.55,8.5,Jan,1996
1995,2,5,1995,5,128,HadGEM2-ES,125920,8.5,Feb,1996
1995,2,14,1995,5,137,CMCC-CMS,121529.98,8.5,Feb,1996
1995,2,16,1995,5,139,GFDL-CM3,280354.99,8.5,Feb,1996
1995,4,2,1995,7,184,MIROC5,80741,8.5,Apr,1996
1995,4,18,1995,7,200,ACCESS1-0,253270,8.5,Apr,1996
1996,12,20,1997,3,81,MIROC5,229680.81,8.5,Dec,1996
1997,1,3,1997,4,95,CESM1-BGC,230563.11,8.5,Jan,1996
1997,2,5,1997,5,128,CanESM2,161567.55,8.5,Feb,1996
1997,2,9,1997,5,132,CNRM-CM5,317866.22,8.5,Feb,1996
1997,2,26,1997,5,149,GFDL-CM3,173607.97,8.5,Feb,1996
1997,3,3,1997,6,154,CMCC-CMS,206428.57,8.5,Mar,1996
1997,3,7,1997,6,158,HadGEM2-ES,116169.91,8.5,Mar,1996
1997,3,27,1997,6,178,HadGEM2-CC,45180.52,8.5,Mar,1996
1997,5,2,1997,8,214,CCSM4,122311.24,8.5,May,1996
1997,5,3,1997,8,215,ACCESS1-0,71307.84,8.5,May,1996
1997,12,27,1998,3,88,CanESM2,159193.48,8.5,Dec,1996
1998,1,3,1998,4,95,CMCC-CMS,101750.84,8.5,Jan,1996
1998,1,25,1998,4,117,CNRM-CM5,276380.08,8.5,Jan,1996
1998,2,10,1998,5,133,MIROC5,30563.26,8.5,Feb,1996
1998,2,16,1998,5,139,ACCESS1-0,326393.62,8.5,Feb,1996
1998,2,20,1998,5,143,CESM1-BGC,96170.68,8.5,Feb,1996
1998,3,6,1998,6,157,HadGEM2-CC,243830.23,8.5,Mar,1996
1998,3,6,1998,6,157,HadGEM2-ES,107921.64,8.5,Mar,1996
1998,3,8,1998,6,159,CCSM4,129911.34,8.5,Mar,1996
1998,4,3,1998,7,185,GFDL-CM3,74662.8,8.5,Apr,1996
1999,1,7,1999,4,99,ACCESS1-0,138677.63,8.5,Jan,1996
1999,1,28,1999,4,120,MIROC5,59784.03,8.5,Jan,1996
1999,2,25,1999,5,148,GFDL-CM3,272611.85,8.5,Feb,1996
1999,3,2,1999,6,153,CNRM-CM5,64257.13,8.5,Mar,1996
1999,4,3,1999,7,185,HadGEM2-CC,87206.72,8.5,Apr,1996
1999,4,3,1999,7,185,HadGEM2-ES,67709.11,8.5,Apr,1996
1999,4,4,1999,7,186,CCSM4,61499.69,8.5,Apr,1996
1999,4,4,1999,7,186,CanESM2,69524.35,8.5,Apr,1996
1999,4,28,1999,7,210,CESM1-BGC,163053.51,8.5,Apr,1996
1999,5,26,1999,8,238,CMCC-CMS,23522.98,8.5,May,1996
2001,2,2,2001,5,125,MIROC5,90832.23,8.5,Feb,1996
2001,2,3,2001,5,126,CCSM4,300158.58,8.5,Feb,1996
2001,2,16,2001,5,139,CanESM2,55836.8,8.5,Feb,1996
2001,3,5,2001,6,156,HadGEM2-CC,67948.91,8.5,Mar,1996
2001,3,6,2001,6,157,GFDL-CM3,204908.47,8.5,Mar,1996
2001,3,26,2001,6,177,ACCESS1-0,153458.61,8.5,Mar,1996
2001,4,5,2001,7,187,CMCC-CMS,269181.72,8.5,Apr,1996
2001,4,28,2001,7,210,HadGEM2-ES,117241.13,8.5,Apr,1996
2001,6,10,2001,9,253,CESM1-BGC,31838.81,8.5,Jun,1996
2001,9,21,2001,12,356,CNRM-CM5,24240.57,8.5,Sep,1996
2002,1,3,2002,4,95,CESM1-BGC,251656.52,8.5,Jan,1996
2002,1,4,2002,4,96,CMCC-CMS,255608.25,8.5,Jan,1996
2002,1,22,2002,4,114,CCSM4,280445.43,8.5,Jan,1996
2002,1,27,2002,4,119,HadGEM2-ES,132454.98,8.5,Jan,1996
2002,2,2,2002,5,125,CNRM-CM5,139289.19,8.5,Feb,1996
2002,2,3,2002,5,126,MIROC5,464485.5,8.5,Feb,1996
2002,3,11,2002,6,162,CanESM2,22288.3,8.5,Mar,1996
2002,3,24,2002,6,175,GFDL-CM3,68113.29,8.5,Mar,1996
2002,3,26,2002,6,177,HadGEM2-CC,149939.02,8.5,Mar,1996
2002,4,5,2002,7,187,ACCESS1-0,66757.97,8.5,Apr,1996
2002,11,23,2003,2,54,CanESM2,53263.71,8.5,Nov,1996
2002,12,5,2003,3,66,GFDL-CM3,461963.79,8.5,Dec,1996
2002,12,27,2003,3,88,HadGEM2-CC,46547.34,8.5,Dec,1996
2003,1,4,2003,4,96,HadGEM2-ES,98546.14,8.5,Jan,1996
2003,1,15,2003,4,107,ACCESS1-0,141538.81,8.5,Jan,1996
2003,2,10,2003,5,133,CESM1-BGC,152469.99,8.5,Feb,1996
2003,2,19,2003,5,142,CMCC-CMS,193452.64,8.5,Feb,1996
2003,3,17,2003,6,168,MIROC5,173550.57,8.5,Mar,1996
2003,6,4,2003,9,247,CCSM4,22803.95,8.5,Jun,1996
2003,6,4,2003,9,247,CNRM-CM5,59798.8,8.5,Jun,1996
2004,12,15,2005,3,76,ACCESS1-0,101321.62,8.5,Dec,1996
2005,1,19,2005,4,111,CESM1-BGC,559918.46,8.5,Jan,1996
2005,2,11,2005,5,134,CNRM-CM5,164970.28,8.5,Feb,1996
2005,2,16,2005,5,139,HadGEM2-ES,97866.58,8.5,Feb,1996
2005,3,5,2005,6,156,CanESM2,310291.4,8.5,Mar,1996
2005,3,17,2005,6,168,GFDL-CM3,64021.16,8.5,Mar,1996
2005,3,20,2005,6,171,MIROC5,73259.14,8.5,Mar,1996
2005,4,2,2005,7,184,HadGEM2-CC,231005.64,8.5,Apr,1996
2005,4,30,2005,7,212,CCSM4,118217.39,8.5,Apr,1996
2005,5,14,2005,8,226,CMCC-CMS,67619.63,8.5,May,1996
2005,12,7,2006,3,68,HadGEM2-ES,201697.71,8.5,Dec,1996
2005,12,13,2006,3,74,HadGEM2-CC,35977.9,8.5,Dec,1996
2006,2,9,2006,5,132,CNRM-CM5,174229.4,8.5,Feb,1996
2006,2,21,2006,5,144,CESM1-BGC,95019.69,8.5,Feb,1996
2006,2,22,2006,5,145,CMCC-CMS,74662.34,8.5,Feb,1996
2006,2,24,2006,5,147,ACCESS1-0,216000.4,8.5,Feb,1996
2006,2,25,2006,5,148,CCSM4,478645.33,8.5,Feb,1996
2006,3,21,2006,6,172,MIROC5,89774.52,8.5,Mar,1996
2006,3,22,2006,6,173,CanESM2,107092.34,8.5,Mar,1996
2006,4,14,2006,7,196,GFDL-CM3,291361.94,8.5,Apr,1996
2006,11,10,2007,2,41,HadGEM2-ES,27906.63,8.5,Nov,1996
2007,1,21,2007,4,113,CNRM-CM5,287288.43,8.5,Jan,1996
2007,2,13,2007,5,136,CCSM4,263959.42,8.5,Feb,1996
2007,2,27,2007,5,150,ACCESS1-0,138245.85,8.5,Feb,1996
2007,3,2,2007,6,153,CanESM2,37546.75,8.5,Mar,1996
2007,3,12,2007,6,163,HadGEM2-CC,221183.91,8.5,Mar,1996
2007,3,22,2007,6,173,CMCC-CMS,42375.26,8.5,Mar,1996
2007,4,2,2007,7,184,CESM1-BGC,39139.32,8.5,Apr,1996
2007,4,3,2007,7,185,MIROC5,66875.15,8.5,Apr,1996
2007,4,5,2007,7,187,GFDL-CM3,82755.86,8.5,Apr,1996
2009,1,27,2009,4,119,MIROC5,338747.44,8.5,Jan,1996
2009,1,29,2009,4,121,CNRM-CM5,221209.97,8.5,Jan,1996
2009,1,30,2009,4,122,HadGEM2-CC,242493.98,8.5,Jan,1996
2009,2,9,2009,5,132,CanESM2,319074.33,8.5,Feb,1996
2009,2,11,2009,5,134,CESM1-BGC,202161.63,8.5,Feb,1996
2009,3,2,2009,6,153,CMCC-CMS,127156.16,8.5,Mar,1996
2009,3,23,2009,6,174,CCSM4,97336.35,8.5,Mar,1996
2009,4,13,2009,7,195,ACCESS1-0,92626.25,8.5,Apr,1996
2009,4,13,2009,7,195,HadGEM2-ES,75176.37,8.5,Apr,1996
2009,5,3,2009,8,215,GFDL-CM3,139475.45,8.5,May,1996
2010,1,2,2010,4,94,GFDL-CM3,101579.19,8.5,Jan,1996
2010,1,19,2010,4,111,HadGEM2-CC,188695.73,8.5,Jan,1996
2010,2,8,2010,5,131,MIROC5,153141.23,8.5,Feb,1996
2010,2,20,2010,5,143,ACCESS1-0,277744.94,8.5,Feb,1996
2010,2,26,2010,5,149,CNRM-CM5,79039.14,8.5,Feb,1996
2010,3,5,2010,6,156,CESM1-BGC,315291.12,8.5,Mar,1996
2010,3,5,2010,6,156,HadGEM2-ES,350528.06,8.5,Mar,1996
2010,3,14,2010,6,165,CCSM4,372269.42,8.5,Mar,1996
2010,3,14,2010,6,165,CanESM2,338181.84,8.5,Mar,1996
2010,5,2,2010,8,214,CMCC-CMS,113452.19,8.5,May,1996
2034,12,21,2035,3,82,MIROC5,40810.53,8.5,Dec,2050
2034,12,30,2035,3,91,CESM1-BGC,30143.31,8.5,Dec,2050
2035,1,25,2035,4,117,HadGEM2-ES,345455.54,8.5,Jan,2050
2035,1,26,2035,4,118,CCSM4,27815.3,8.5,Jan,2050
2035,1,27,2035,4,119,CNRM-CM5,489632.3,8.5,Jan,2050
2035,2,1,2035,5,124,CMCC-CMS,270203.62,8.5,Feb,2050
2035,2,6,2035,5,129,ACCESS1-0,34328.63,8.5,Feb,2050
2035,2,26,2035,5,149,CanESM2,27696.69,8.5,Feb,2050
2035,3,29,2035,6,180,GFDL-CM3,233317.61,8.5,Mar,2050
2035,4,8,2035,7,190,HadGEM2-CC,288849.23,8.5,Apr,2050
2036,12,9,2037,3,70,CMCC-CMS,244846.22,8.5,Dec,2050
2037,1,1,2037,4,93,CCSM4,267719.65,8.5,Jan,2050
2037,1,9,2037,4,101,HadGEM2-ES,138069.53,8.5,Jan,2050
2037,1,29,2037,4,121,CNRM-CM5,249159.03,8.5,Jan,2050
2037,2,3,2037,5,126,GFDL-CM3,247767.43,8.5,Feb,2050
2037,2,4,2037,5,127,CanESM2,49114.05,8.5,Feb,2050
2037,2,18,2037,5,141,ACCESS1-0,285660.41,8.5,Feb,2050
2037,2,18,2037,5,141,CESM1-BGC,167787.61,8.5,Feb,2050
2037,2,23,2037,5,146,MIROC5,117811.31,8.5,Feb,2050
2037,3,15,2037,6,166,HadGEM2-CC,92908.07,8.5,Mar,2050
2037,12,1,2038,3,62,MIROC5,36554.74,8.5,Dec,2050
2037,12,30,2038,3,91,CCSM4,255698.77,8.5,Dec,2050
2038,1,14,2038,4,106,HadGEM2-CC,136606.54,8.5,Jan,2050
2038,1,21,2038,4,113,CNRM-CM5,671284.31,8.5,Jan,2050
2038,1,29,2038,4,121,CanESM2,387595.74,8.5,Jan,2050
2038,2,3,2038,5,126,ACCESS1-0,214226.83,8.5,Feb,2050
2038,2,6,2038,5,129,HadGEM2-ES,346258.95,8.5,Feb,2050
2038,2,12,2038,5,135,CESM1-BGC,36020.57,8.5,Feb,2050
2038,2,27,2038,5,150,CMCC-CMS,160101.63,8.5,Feb,2050
2038,4,7,2038,7,189,GFDL-CM3,90187.64,8.5,Apr,2050
2039,1,2,2039,4,94,CESM1-BGC,231962.55,8.5,Jan,2050
2039,1,3,2039,4,95,MIROC5,276734.28,8.5,Jan,2050
2039,1,4,2039,4,96,CNRM-CM5,457301.12,8.5,Jan,2050
2039,1,19,2039,4,111,CanESM2,199920.71,8.5,Jan,2050
2039,2,13,2039,5,136,GFDL-CM3,172679.26,8.5,Feb,2050
2039,2,16,2039,5,139,HadGEM2-CC,140851.04,8.5,Feb,2050
2039,2,18,2039,5,141,CCSM4,195566.35,8.5,Feb,2050
2039,2,19,2039,5,142,ACCESS1-0,34668.76,8.5,Feb,2050
2039,3,3,2039,6,154,HadGEM2-ES,284007.09,8.5,Mar,2050
2039,3,22,2039,6,173,CMCC-CMS,95505.25,8.5,Mar,2050
2040,12,5,2041,3,66,CCSM4,94021.16,8.5,Dec,2050
2040,12,16,2041,3,77,CNRM-CM5,156893.63,8.5,Dec,2050
2041,1,7,2041,4,99,HadGEM2-CC,121133.1,8.5,Jan,2050
2041,1,18,2041,4,110,GFDL-CM3,546282.68,8.5,Jan,2050
2041,1,27,2041,4,119,ACCESS1-0,261251.66,8.5,Jan,2050
2041,1,29,2041,4,121,MIROC5,87895.35,8.5,Jan,2050
2041,3,2,2041,6,153,CESM1-BGC,353313.53,8.5,Mar,2050
2041,3,6,2041,6,157,CanESM2,228986.43,8.5,Mar,2050
2041,3,8,2041,6,159,HadGEM2-ES,291180.65,8.5,Mar,2050
2041,4,5,2041,7,187,CMCC-CMS,72704.41,8.5,Apr,2050
2041,11,22,2042,2,53,CMCC-CMS,37831.12,8.5,Nov,2050
2041,11,23,2042,2,54,ACCESS1-0,231685.45,8.5,Nov,2050
2042,2,5,2042,5,128,CNRM-CM5,243988.85,8.5,Feb,2050
2042,2,21,2042,5,144,CESM1-BGC,88588.27,8.5,Feb,2050
2042,2,26,2042,5,149,CCSM4,217197.55,8.5,Feb,2050
2042,2,26,2042,5,149,HadGEM2-ES,74923.89,8.5,Feb,2050
2042,3,3,2042,6,154,HadGEM2-CC,316129.56,8.5,Mar,2050
2042,3,15,2042,6,166,CanESM2,284143.05,8.5,Mar,2050
2042,3,15,2042,6,166,MIROC5,127643.83,8.5,Mar,2050
2042,4,2,2042,7,184,GFDL-CM3,166898.08,8.5,Apr,2050
2042,12,8,2043,3,69,HadGEM2-ES,26105.78,8.5,Dec,2050
2042,12,11,2043,3,72,CanESM2,104267.5,8.5,Dec,2050
2043,1,3,2043,4,95,GFDL-CM3,147724.21,8.5,Jan,2050
2043,1,18,2043,4,110,CCSM4,121502.49,8.5,Jan,2050
2043,1,20,2043,4,112,CNRM-CM5,241864.66,8.5,Jan,2050
2043,1,21,2043,4,113,MIROC5,113570.92,8.5,Jan,2050
2043,2,9,2043,5,132,HadGEM2-CC,70826.64,8.5,Feb,2050
2043,3,8,2043,6,159,CESM1-BGC,135438.01,8.5,Mar,2050
2043,3,14,2043,6,165,CMCC-CMS,407562.12,8.5,Mar,2050
2043,5,3,2043,8,215,ACCESS1-0,100158.97,8.5,May,2050
2045,2,3,2045,5,126,CNRM-CM5,321902.19,8.5,Feb,2050
2045,2,6,2045,5,129,CCSM4,132200.98,8.5,Feb,2050
2045,2,6,2045,5,129,HadGEM2-CC,295595.73,8.5,Feb,2050
2045,2,16,2045,5,139,ACCESS1-0,223851.07,8.5,Feb,2050
2045,2,24,2045,5,147,MIROC5,151583.3,8.5,Feb,2050
2045,3,20,2045,6,171,GFDL-CM3,258851.78,8.5,Mar,2050
2045,3,21,2045,6,172,CESM1-BGC,239289.47,8.5,Mar,2050
2045,3,28,2045,6,179,CanESM2,143219.15,8.5,Mar,2050
2045,4,4,2045,7,186,HadGEM2-ES,253651.42,8.5,Apr,2050
2045,5,18,2045,8,230,CMCC-CMS,43563.35,8.5,May,2050
2045,12,18,2046,3,79,CESM1-BGC,254938.85,8.5,Dec,2050
2045,12,22,2046,3,83,HadGEM2-CC,127635.27,8.5,Dec,2050
2046,1,16,2046,4,108,CNRM-CM5,500033.69,8.5,Jan,2050
2046,1,24,2046,4,116,CanESM2,388838.66,8.5,Jan,2050
2046,1,26,2046,4,118,MIROC5,540826.06,8.5,Jan,2050
2046,1,28,2046,4,120,CCSM4,465596.01,8.5,Jan,2050
2046,1,29,2046,4,121,CMCC-CMS,261963.57,8.5,Jan,2050
2046,2,21,2046,5,144,ACCESS1-0,214606.2,8.5,Feb,2050
2046,3,10,2046,6,161,HadGEM2-ES,46560.06,8.5,Mar,2050
2046,3,18,2046,6,169,GFDL-CM3,196775.74,8.5,Mar,2050
2046,11,25,2047,2,56,CanESM2,363830.99,8.5,Nov,2050
2047,1,4,2047,4,96,HadGEM2-CC,271601.72,8.5,Jan,2050
2047,1,8,2047,4,100,CCSM4,120553.14,8.5,Jan,2050
2047,1,19,2047,4,111,CNRM-CM5,692608.93,8.5,Jan,2050
2047,1,21,2047,4,113,MIROC5,72068.85,8.5,Jan,2050
2047,1,26,2047,4,118,CMCC-CMS,138474.42,8.5,Jan,2050
2047,1,28,2047,4,120,CESM1-BGC,277988.66,8.5,Jan,2050
2047,2,22,2047,5,145,HadGEM2-ES,39858.98,8.5,Feb,2050
2047,2,23,2047,5,146,ACCESS1-0,303398.26,8.5,Feb,2050
2047,3,5,2047,6,156,GFDL-CM3,81051.83,8.5,Mar,2050
2048,12,27,2049,3,88,MIROC5,47670.56,8.5,Dec,2050
2049,1,13,2049,4,105,CanESM2,576393.62,8.5,Jan,2050
2049,1,15,2049,4,107,CESM1-BGC,47512.96,8.5,Jan,2050
2049,2,3,2049,5,126,CCSM4,293674.53,8.5,Feb,2050
2049,2,7,2049,5,130,CMCC-CMS,194689.77,8.5,Feb,2050
2049,2,16,2049,5,139,ACCESS1-0,33542.74,8.5,Feb,2050
2049,2,16,2049,5,139,GFDL-CM3,209015.46,8.5,Feb,2050
2049,3,9,2049,6,160,HadGEM2-ES,219869.42,8.5,Mar,2050
2049,3,14,2049,6,165,CNRM-CM5,285243.91,8.5,Mar,2050
2049,3,18,2049,6,169,HadGEM2-CC,393546.07,8.5,Mar,2050
2050,1,6,2050,4,98,ACCESS1-0,209124.35,8.5,Jan,2050
2050,2,7,2050,5,130,CanESM2,295615.05,8.5,Feb,2050
2050,2,17,2050,5,140,CCSM4,435856.77,8.5,Feb,2050
2050,2,19,2050,5,142,HadGEM2-CC,214046.71,8.5,Feb,2050
2050,2,23,2050,5,146,CESM1-BGC,346302.46,8.5,Feb,2050
2050,3,24,2050,6,175,HadGEM2-ES,170825.37,8.5,Mar,2050
2050,3,24,2050,6,175,MIROC5,307728.91,8.5,Mar,2050
2050,3,25,2050,6,176,CMCC-CMS,137503.08,8.5,Mar,2050
2050,3,26,2050,6,177,CNRM-CM5,209259.28,8.5,Mar,2050
2050,4,22,2050,7,204,GFDL-CM3,94480.98,8.5,Apr,2050
2050,12,18,2051,3,79,CMCC-CMS,275423.07,8.5,Dec,2050
2050,12,29,2051,3,90,HadGEM2-ES,191063.9,8.5,Dec,2050
2051,1,6,2051,4,98,ACCESS1-0,63160.99,8.5,Jan,2050
2051,1,18,2051,4,110,CNRM-CM5,752748.31,8.5,Jan,2050
2051,1,23,2051,4,115,MIROC5,41338.69,8.5,Jan,2050
2051,2,1,2051,5,124,HadGEM2-CC,93309,8.5,Feb,2050
2051,2,6,2051,5,129,GFDL-CM3,152218.86,8.5,Feb,2050
2051,2,19,2051,5,142,CESM1-BGC,166771.97,8.5,Feb,2050
2051,2,24,2051,5,147,CCSM4,117997.93,8.5,Feb,2050
2051,3,13,2051,6,164,CanESM2,181474.19,8.5,Mar,2050
2052,11,25,2053,2,56,CCSM4,420783.31,8.5,Nov,2050
2053,1,17,2053,4,109,GFDL-CM3,316801.07,8.5,Jan,2050
2053,1,18,2053,4,110,CanESM2,678527.83,8.5,Jan,2050
2053,1,24,2053,4,116,ACCESS1-0,94768.48,8.5,Jan,2050
2053,2,23,2053,5,146,CMCC-CMS,55281.23,8.5,Feb,2050
2053,2,26,2053,5,149,CESM1-BGC,33896.33,8.5,Feb,2050
2053,3,5,2053,6,156,HadGEM2-CC,268964.68,8.5,Mar,2050
2053,3,10,2053,6,161,CNRM-CM5,257979.69,8.5,Mar,2050
2053,3,15,2053,6,166,MIROC5,113296.04,8.5,Mar,2050
2053,4,20,2053,7,202,HadGEM2-ES,42731.7,8.5,Apr,2050
2054,1,14,2054,4,106,CMCC-CMS,374634.58,8.5,Jan,2050
2054,1,28,2054,4,120,HadGEM2-CC,230698.65,8.5,Jan,2050
2054,2,15,2054,5,138,CanESM2,83892.37,8.5,Feb,2050
2054,3,5,2054,6,156,MIROC5,281089.09,8.5,Mar,2050
2054,3,8,2054,6,159,CNRM-CM5,365607.11,8.5,Mar,2050
2054,3,11,2054,6,162,CCSM4,169374.5,8.5,Mar,2050
2054,3,13,2054,6,164,HadGEM2-ES,57711.55,8.5,Mar,2050
2054,3,18,2054,6,169,GFDL-CM3,38722.69,8.5,Mar,2050
2054,5,4,2054,8,216,ACCESS1-0,50774.33,8.5,May,2050
2054,5,19,2054,8,231,CESM1-BGC,43530.18,8.5,May,2050
2054,11,27,2055,2,58,HadGEM2-CC,187374.06,8.5,Nov,2050
2055,1,4,2055,4,96,MIROC5,131712.45,8.5,Jan,2050
2055,2,3,2055,5,126,CanESM2,552599.76,8.5,Feb,2050
2055,2,11,2055,5,134,CESM1-BGC,135534.83,8.5,Feb,2050
2055,2,13,2055,5,136,ACCESS1-0,96512.32,8.5,Feb,2050
2055,3,2,2055,6,153,CNRM-CM5,272306.28,8.5,Mar,2050
2055,3,4,2055,6,155,CMCC-CMS,89842.48,8.5,Mar,2050
2055,3,17,2055,6,168,CCSM4,54448.57,8.5,Mar,2050
2055,4,3,2055,7,185,GFDL-CM3,102483.17,8.5,Apr,2050
2055,4,8,2055,7,190,HadGEM2-ES,40230.06,8.5,Apr,2050
2056,11,9,2057,2,40,HadGEM2-CC,105059.59,8.5,Nov,2050
2056,11,24,2057,2,55,ACCESS1-0,70593.98,8.5,Nov,2050
2056,12,28,2057,3,89,CCSM4,281828.94,8.5,Dec,2050
2057,1,23,2057,4,115,CNRM-CM5,374580.3,8.5,Jan,2050
2057,2,1,2057,5,124,CanESM2,531439.48,8.5,Feb,2050
2057,2,27,2057,5,150,GFDL-CM3,106465.52,8.5,Feb,2050
2057,3,4,2057,6,155,MIROC5,58869.09,8.5,Mar,2050
2057,3,20,2057,6,171,CESM1-BGC,243883.93,8.5,Mar,2050
2057,4,10,2057,7,192,HadGEM2-ES,135708.28,8.5,Apr,2050
2057,6,15,2057,9,258,CMCC-CMS,27184.35,8.5,Jun,2050
2058,1,15,2058,4,107,CCSM4,322312.64,8.5,Jan,2050
2058,1,23,2058,4,115,ACCESS1-0,66321.66,8.5,Jan,2050
2058,1,29,2058,4,121,CanESM2,454911.26,8.5,Jan,2050
2058,2,3,2058,5,126,GFDL-CM3,336629.82,8.5,Feb,2050
2058,2,9,2058,5,132,HadGEM2-ES,403271.73,8.5,Feb,2050
2058,2,17,2058,5,140,CNRM-CM5,263559.34,8.5,Feb,2050
2058,2,17,2058,5,140,HadGEM2-CC,197506.04,8.5,Feb,2050
2058,3,5,2058,6,156,CESM1-BGC,388073.98,8.5,Mar,2050
2058,3,29,2058,6,180,MIROC5,217106.95,8.5,Mar,2050
2058,4,23,2058,7,205,CMCC-CMS,218351.01,8.5,Apr,2050
2059,1,9,2059,4,101,CanESM2,446005.12,8.5,Jan,2050
2059,1,11,2059,4,103,CNRM-CM5,386080.51,8.5,Jan,2050
2059,2,2,2059,5,125,MIROC5,344625.07,8.5,Feb,2050
2059,2,7,2059,5,130,CMCC-CMS,102141.27,8.5,Feb,2050
2059,2,7,2059,5,130,HadGEM2-CC,153653.05,8.5,Feb,2050
2059,2,21,2059,5,144,CCSM4,265232.02,8.5,Feb,2050
2059,2,21,2059,5,144,HadGEM2-ES,397598.06,8.5,Feb,2050
2059,3,4,2059,6,155,GFDL-CM3,72705.8,8.5,Mar,2050
2059,4,2,2059,7,184,ACCESS1-0,49027.66,8.5,Apr,2050
2059,4,14,2059,7,196,CESM1-BGC,31660.47,8.5,Apr,2050
2060,12,8,2061,3,69,CanESM2,498169.73,8.5,Dec,2050
2060,12,22,2061,3,83,HadGEM2-ES,63848.94,8.5,Dec,2050
2061,1,8,2061,4,100,MIROC5,70952.9,8.5,Jan,2050
2061,1,14,2061,4,106,CNRM-CM5,575764.03,8.5,Jan,2050
2061,1,16,2061,4,108,CESM1-BGC,335525.97,8.5,Jan,2050
2061,2,2,2061,5,125,CCSM4,190564.56,8.5,Feb,2050
2061,2,7,2061,5,130,HadGEM2-CC,294702.36,8.5,Feb,2050
2061,2,26,2061,5,149,ACCESS1-0,166779.11,8.5,Feb,2050
2061,3,14,2061,6,165,CMCC-CMS,170102.06,8.5,Mar,2050
2061,3,27,2061,6,178,GFDL-CM3,262444.34,8.5,Mar,2050
2061,11,18,2062,2,49,MIROC5,39012.56,8.5,Nov,2050
2061,12,29,2062,3,90,GFDL-CM3,242697.64,8.5,Dec,2050
2062,1,2,2062,4,94,CCSM4,371025.77,8.5,Jan,2050
2062,1,3,2062,4,95,CNRM-CM5,157793.6,8.5,Jan,2050
2062,1,6,2062,4,98,ACCESS1-0,32174.33,8.5,Jan,2050
2062,1,27,2062,4,119,CanESM2,438041.83,8.5,Jan,2050
2062,2,21,2062,5,144,CESM1-BGC,330178.53,8.5,Feb,2050
2062,3,18,2062,6,169,CMCC-CMS,282088.08,8.5,Mar,2050
2062,3,18,2062,6,169,HadGEM2-CC,38250.29,8.5,Mar,2050
2062,4,12,2062,7,194,HadGEM2-ES,135593.68,8.5,Apr,2050
2063,1,12,2063,4,104,ACCESS1-0,38229.05,8.5,Jan,2050
2063,1,16,2063,4,108,CESM1-BGC,73548.83,8.5,Jan,2050
2063,1,25,2063,4,117,CanESM2,823021.8,8.5,Jan,2050
2063,1,29,2063,4,121,CNRM-CM5,500696.36,8.5,Jan,2050
2063,1,29,2063,4,121,GFDL-CM3,146215.01,8.5,Jan,2050
2063,2,5,2063,5,128,HadGEM2-CC,275160.59,8.5,Feb,2050
2063,2,21,2063,5,144,HadGEM2-ES,97475.26,8.5,Feb,2050
2063,3,10,2063,6,161,CCSM4,257497.01,8.5,Mar,2050
2063,4,4,2063,7,186,CMCC-CMS,111078.61,8.5,Apr,2050
2063,4,6,2063,7,188,MIROC5,49609.27,8.5,Apr,2050
2069,12,15,2070,3,76,HadGEM2-ES,75466.69,8.5,Dec,2085
2069,12,30,2070,3,91,CMCC-CMS,161964.23,8.5,Dec,2085
2070,1,4,2070,4,96,CCSM4,226772.5,8.5,Jan,2085
2070,1,31,2070,4,123,GFDL-CM3,366301.36,8.5,Jan,2085
2070,2,3,2070,5,126,CNRM-CM5,669982.11,8.5,Feb,2085
2070,2,6,2070,5,129,MIROC5,130152.54,8.5,Feb,2085
2070,2,12,2070,5,135,HadGEM2-CC,374120.06,8.5,Feb,2085
2070,2,13,2070,5,136,CESM1-BGC,422954.41,8.5,Feb,2085
2070,2,23,2070,5,146,CanESM2,41139.73,8.5,Feb,2085
2070,2,24,2070,5,147,ACCESS1-0,38672.19,8.5,Feb,2085
2070,12,8,2071,3,69,CMCC-CMS,36571.86,8.5,Dec,2085
2071,1,2,2071,4,94,CCSM4,207243.1,8.5,Jan,2085
2071,1,6,2071,4,98,MIROC5,226832.8,8.5,Jan,2085
2071,1,13,2071,4,105,CanESM2,596817.28,8.5,Jan,2085
2071,1,23,2071,4,115,CNRM-CM5,42415.82,8.5,Jan,2085
2071,1,24,2071,4,116,HadGEM2-CC,70544.03,8.5,Jan,2085
2071,2,4,2071,5,127,HadGEM2-ES,118388.36,8.5,Feb,2085
2071,2,18,2071,5,141,CESM1-BGC,521462.69,8.5,Feb,2085
2071,3,10,2071,6,161,ACCESS1-0,46839.2,8.5,Mar,2085
2071,4,2,2071,7,184,GFDL-CM3,254987.17,8.5,Apr,2085
2072,12,13,2073,3,74,ACCESS1-0,160613.35,8.5,Dec,2085
2073,1,7,2073,4,99,CNRM-CM5,327227.24,8.5,Jan,2085
2073,2,12,2073,5,135,CCSM4,254552.8,8.5,Feb,2085
2073,2,12,2073,5,135,CanESM2,663711.7,8.5,Feb,2085
2073,2,19,2073,5,142,GFDL-CM3,215055.6,8.5,Feb,2085
2073,3,6,2073,6,157,CESM1-BGC,301173.99,8.5,Mar,2085
2073,3,11,2073,6,162,HadGEM2-ES,67261,8.5,Mar,2085
2073,4,1,2073,7,183,CMCC-CMS,67038.25,8.5,Apr,2085
2073,4,3,2073,7,185,HadGEM2-CC,333445.44,8.5,Apr,2085
2073,4,29,2073,7,211,MIROC5,74523.15,8.5,Apr,2085
2073,12,7,2074,3,68,MIROC5,225681.83,8.5,Dec,2085
2073,12,19,2074,3,80,HadGEM2-ES,402001.08,8.5,Dec,2085
2073,12,21,2074,3,82,CNRM-CM5,407462.22,8.5,Dec,2085
2074,1,27,2074,4,119,CCSM4,372521.23,8.5,Jan,2085
2074,1,30,2074,4,122,CanESM2,658390.12,8.5,Jan,2085
2074,2,21,2074,5,144,GFDL-CM3,103387.04,8.5,Feb,2085
2074,2,23,2074,5,146,HadGEM2-CC,363461.98,8.5,Feb,2085
2074,3,6,2074,6,157,CESM1-BGC,60302.72,8.5,Mar,2085
2074,3,11,2074,6,162,ACCESS1-0,47698.15,8.5,Mar,2085
2074,9,28,2074,12,363,CMCC-CMS,53600.82,8.5,Sep,2085
2074,11,26,2075,2,57,CNRM-CM5,457943.81,8.5,Nov,2085
2075,1,12,2075,4,104,HadGEM2-ES,92477.79,8.5,Jan,2085
2075,2,3,2075,5,126,CCSM4,158394.53,8.5,Feb,2085
2075,2,3,2075,5,126,CMCC-CMS,492937.91,8.5,Feb,2085
2075,2,15,2075,5,138,ACCESS1-0,84372.34,8.5,Feb,2085
2075,2,20,2075,5,143,GFDL-CM3,39127.59,8.5,Feb,2085
2075,3,2,2075,6,153,MIROC5,76520.67,8.5,Mar,2085
2075,3,9,2075,6,160,CESM1-BGC,280071.11,8.5,Mar,2085
2075,4,3,2075,7,185,HadGEM2-CC,362790.89,8.5,Apr,2085
2075,4,6,2075,7,188,CanESM2,65249.74,8.5,Apr,2085
2076,12,11,2077,3,72,ACCESS1-0,206279.82,8.5,Dec,2085
2077,1,2,2077,4,94,GFDL-CM3,480863.23,8.5,Jan,2085
2077,1,14,2077,4,106,CMCC-CMS,316257,8.5,Jan,2085
2077,1,28,2077,4,120,CNRM-CM5,435135.9,8.5,Jan,2085
2077,1,29,2077,4,121,MIROC5,229805.33,8.5,Jan,2085
2077,1,30,2077,4,122,CCSM4,560386.02,8.5,Jan,2085
2077,2,15,2077,5,138,HadGEM2-CC,182351.93,8.5,Feb,2085
2077,2,18,2077,5,141,CanESM2,243185.46,8.5,Feb,2085
2077,2,22,2077,5,145,HadGEM2-ES,475793.37,8.5,Feb,2085
2077,3,18,2077,6,169,CESM1-BGC,110445.6,8.5,Mar,2085
2077,12,4,2078,3,65,CESM1-BGC,267758.8,8.5,Dec,2085
2077,12,11,2078,3,72,ACCESS1-0,63129.62,8.5,Dec,2085
2077,12,27,2078,3,88,HadGEM2-CC,386019.23,8.5,Dec,2085
2078,1,8,2078,4,100,CCSM4,386308.78,8.5,Jan,2085
2078,2,3,2078,5,126,CMCC-CMS,209322.98,8.5,Feb,2085
2078,2,14,2078,5,137,CanESM2,202981.53,8.5,Feb,2085
2078,2,17,2078,5,140,GFDL-CM3,40329.27,8.5,Feb,2085
2078,2,28,2078,5,151,CNRM-CM5,261458.61,8.5,Feb,2085
2078,3,7,2078,6,158,HadGEM2-ES,201506.81,8.5,Mar,2085
2078,3,29,2078,6,180,MIROC5,46012.1,8.5,Mar,2085
2079,1,4,2079,4,96,GFDL-CM3,276529.11,8.5,Jan,2085
2079,1,19,2079,4,111,CanESM2,568526.41,8.5,Jan,2085
2079,1,22,2079,4,114,CNRM-CM5,556947.86,8.5,Jan,2085
2079,2,7,2079,5,130,HadGEM2-ES,143374.29,8.5,Feb,2085
2079,2,16,2079,5,139,HadGEM2-CC,36834.06,8.5,Feb,2085
2079,2,18,2079,5,141,CMCC-CMS,239550.53,8.5,Feb,2085
2079,3,16,2079,6,167,MIROC5,91291.07,8.5,Mar,2085
2079,3,19,2079,6,170,CESM1-BGC,203741.27,8.5,Mar,2085
2079,4,9,2079,7,191,ACCESS1-0,43338.38,8.5,Apr,2085
2079,4,14,2079,7,196,CCSM4,173480.77,8.5,Apr,2085
2080,11,26,2081,2,57,CMCC-CMS,89468.67,8.5,Nov,2085
2080,12,11,2081,3,72,ACCESS1-0,325812.79,8.5,Dec,2085
2081,1,4,2081,4,96,CESM1-BGC,387830.21,8.5,Jan,2085
2081,1,21,2081,4,113,MIROC5,39733.42,8.5,Jan,2085
2081,1,27,2081,4,119,CanESM2,31893.53,8.5,Jan,2085
2081,2,3,2081,5,126,CCSM4,553765.7,8.5,Feb,2085
2081,2,16,2081,5,139,CNRM-CM5,398968.84,8.5,Feb,2085
2081,2,19,2081,5,142,HadGEM2-CC,499931.98,8.5,Feb,2085
2081,2,22,2081,5,145,HadGEM2-ES,445956.49,8.5,Feb,2085
2081,4,24,2081,7,206,GFDL-CM3,54587.73,8.5,Apr,2085
2081,12,6,2082,3,67,MIROC5,311497.57,8.5,Dec,2085
2082,1,4,2082,4,96,CESM1-BGC,73461.76,8.5,Jan,2085
2082,1,6,2082,4,98,GFDL-CM3,148208.03,8.5,Jan,2085
2082,1,18,2082,4,110,CanESM2,893939.15,8.5,Jan,2085
2082,2,3,2082,5,126,CNRM-CM5,275621.79,8.5,Feb,2085
2082,2,23,2082,5,146,HadGEM2-CC,41422.43,8.5,Feb,2085
2082,3,3,2082,6,154,ACCESS1-0,41495.49,8.5,Mar,2085
2082,3,6,2082,6,157,CCSM4,166259.1,8.5,Mar,2085
2082,3,9,2082,6,160,CMCC-CMS,161981.53,8.5,Mar,2085
2082,4,7,2082,7,189,HadGEM2-ES,57468.51,8.5,Apr,2085
2083,1,8,2083,4,100,MIROC5,379032.19,8.5,Jan,2085
2083,1,13,2083,4,105,CNRM-CM5,30911.38,8.5,Jan,2085
2083,1,16,2083,4,108,GFDL-CM3,275154.21,8.5,Jan,2085
2083,1,23,2083,4,115,HadGEM2-CC,326080.89,8.5,Jan,2085
2083,2,3,2083,5,126,CanESM2,497395.98,8.5,Feb,2085
2083,2,11,2083,5,134,CCSM4,44720.92,8.5,Feb,2085
2083,2,14,2083,5,137,ACCESS1-0,207888.88,8.5,Feb,2085
2083,2,26,2083,5,149,HadGEM2-ES,173503.66,8.5,Feb,2085
2083,3,16,2083,6,167,CESM1-BGC,115608.5,8.5,Mar,2085
2083,3,16,2083,6,167,CMCC-CMS,399024.21,8.5,Mar,2085
2084,12,11,2085,3,72,CNRM-CM5,201132.83,8.5,Dec,2085
2085,1,20,2085,4,112,CCSM4,188627.86,8.5,Jan,2085
2085,1,22,2085,4,114,GFDL-CM3,375448.97,8.5,Jan,2085
2085,1,25,2085,4,117,ACCESS1-0,115712.68,8.5,Jan,2085
2085,1,25,2085,4,117,CanESM2,701694.6,8.5,Jan,2085
2085,1,26,2085,4,118,HadGEM2-CC,47880.47,8.5,Jan,2085
2085,2,3,2085,5,126,CMCC-CMS,481759,8.5,Feb,2085
2085,2,13,2085,5,136,CESM1-BGC,429070.34,8.5,Feb,2085
2085,2,19,2085,5,142,HadGEM2-ES,106109.39,8.5,Feb,2085
2085,3,26,2085,6,177,MIROC5,103905.47,8.5,Mar,2085
2085,12,16,2086,3,77,ACCESS1-0,238254.27,8.5,Dec,2085
2086,1,24,2086,4,116,CNRM-CM5,424778.23,8.5,Jan,2085
2086,1,27,2086,4,119,CanESM2,815312.91,8.5,Jan,2085
2086,1,29,2086,4,121,MIROC5,223657.61,8.5,Jan,2085
2086,2,1,2086,5,124,GFDL-CM3,37550.31,8.5,Feb,2085
2086,2,2,2086,5,125,CESM1-BGC,235952.77,8.5,Feb,2085
2086,2,12,2086,5,135,HadGEM2-CC,295911.11,8.5,Feb,2085
2086,2,21,2086,5,144,HadGEM2-ES,292664.85,8.5,Feb,2085
2086,3,2,2086,6,153,CMCC-CMS,226100.5,8.5,Mar,2085
2086,3,20,2086,6,171,CCSM4,151266.69,8.5,Mar,2085
2086,12,25,2087,3,86,HadGEM2-CC,88956.33,8.5,Dec,2085
2087,1,18,2087,4,110,CMCC-CMS,377523.19,8.5,Jan,2085
2087,1,25,2087,4,117,MIROC5,24962.73,8.5,Jan,2085
2087,1,28,2087,4,120,CNRM-CM5,727003.69,8.5,Jan,2085
2087,2,10,2087,5,133,HadGEM2-ES,257301.69,8.5,Feb,2085
2087,2,12,2087,5,135,CanESM2,202303.18,8.5,Feb,2085
2087,2,16,2087,5,139,ACCESS1-0,193311.58,8.5,Feb,2085
2087,2,17,2087,5,140,CESM1-BGC,462026.5,8.5,Feb,2085
2087,2,27,2087,5,150,CCSM4,241089.01,8.5,Feb,2085
2087,3,22,2087,6,173,GFDL-CM3,205914.16,8.5,Mar,2085
2088,12,23,2089,3,84,CMCC-CMS,403025.12,8.5,Dec,2085
2089,1,13,2089,4,105,ACCESS1-0,200126.82,8.5,Jan,2085
2089,1,14,2089,4,106,CanESM2,718142.35,8.5,Jan,2085
2089,2,11,2089,5,134,CNRM-CM5,441598.72,8.5,Feb,2085
2089,2,11,2089,5,134,GFDL-CM3,80566.88,8.5,Feb,2085
2089,2,15,2089,5,138,CCSM4,36500.25,8.5,Feb,2085
2089,2,19,2089,5,142,CESM1-BGC,412534.65,8.5,Feb,2085
2089,3,4,2089,6,155,HadGEM2-ES,156888.68,8.5,Mar,2085
2089,3,8,2089,6,159,HadGEM2-CC,166324.82,8.5,Mar,2085
2089,3,10,2089,6,161,MIROC5,91312.6,8.5,Mar,2085
2090,1,26,2090,4,118,CanESM2,817891.45,8.5,Jan,2085
2090,2,3,2090,5,126,ACCESS1-0,53460.84,8.5,Feb,2085
2090,2,7,2090,5,130,CESM1-BGC,164990.61,8.5,Feb,2085
2090,2,9,2090,5,132,CNRM-CM5,494532.89,8.5,Feb,2085
2090,2,24,2090,5,147,CMCC-CMS,50421.64,8.5,Feb,2085
2090,2,25,2090,5,148,GFDL-CM3,91771.45,8.5,Feb,2085
2090,3,7,2090,6,158,CCSM4,34211.39,8.5,Mar,2085
2090,3,8,2090,6,159,MIROC5,142250.56,8.5,Mar,2085
2090,4,24,2090,7,206,HadGEM2-ES,86898.76,8.5,Apr,2085
2090,7,3,2090,10,276,HadGEM2-CC,26337.16,8.5,Jul,2085
2091,1,7,2091,4,99,CMCC-CMS,224381.9,8.5,Jan,2085
2091,1,7,2091,4,99,HadGEM2-CC,446315.84,8.5,Jan,2085
2091,1,8,2091,4,100,CCSM4,609498.64,8.5,Jan,2085
2091,1,20,2091,4,112,CESM1-BGC,455684.78,8.5,Jan,2085
2091,2,1,2091,5,124,CNRM-CM5,686582.57,8.5,Feb,2085
2091,2,2,2091,5,125,MIROC5,199715.34,8.5,Feb,2085
2091,2,8,2091,5,131,CanESM2,505938.21,8.5,Feb,2085
2091,2,18,2091,5,141,HadGEM2-ES,394389.22,8.5,Feb,2085
2091,3,22,2091,6,173,GFDL-CM3,227305.76,8.5,Mar,2085
2091,4,16,2091,7,198,ACCESS1-0,46915.65,8.5,Apr,2085
2092,12,22,2093,3,83,HadGEM2-ES,128883.63,8.5,Dec,2085
2093,1,1,2093,4,93,HadGEM2-CC,549364.82,8.5,Jan,2085
2093,1,9,2093,4,101,CCSM4,382166.96,8.5,Jan,2085
2093,1,9,2093,4,101,CanESM2,864191.08,8.5,Jan,2085
2093,1,24,2093,4,116,CNRM-CM5,127002.74,8.5,Jan,2085
2093,2,4,2093,5,127,GFDL-CM3,283549.81,8.5,Feb,2085
2093,2,14,2093,5,137,ACCESS1-0,194177.96,8.5,Feb,2085
2093,2,23,2093,5,146,MIROC5,38531.54,8.5,Feb,2085
2093,2,24,2093,5,147,CESM1-BGC,416480.31,8.5,Feb,2085
2093,3,9,2093,6,160,CMCC-CMS,321417.47,8.5,Mar,2085
2093,12,3,2094,3,64,CCSM4,339589.5,8.5,Dec,2085
2094,1,7,2094,4,99,GFDL-CM3,126279.59,8.5,Jan,2085
2094,1,9,2094,4,101,CNRM-CM5,686325.89,8.5,Jan,2085
2094,1,26,2094,4,118,CanESM2,385077.08,8.5,Jan,2085
2094,1,31,2094,4,123,HadGEM2-ES,235396.15,8.5,Jan,2085
2094,2,5,2094,5,128,ACCESS1-0,155654.91,8.5,Feb,2085
2094,2,11,2094,5,134,CESM1-BGC,177341.79,8.5,Feb,2085
2094,2,26,2094,5,149,HadGEM2-CC,145723.72,8.5,Feb,2085
2094,3,1,2094,6,152,CMCC-CMS,218741.97,8.5,Mar,2085
2094,3,3,2094,6,154,MIROC5,35311.09,8.5,Mar,2085
2094,11,26,2095,2,57,MIROC5,282353.44,8.5,Nov,2085
2094,11,28,2095,2,59,ACCESS1-0,54413.15,8.5,Nov,2085
2095,1,16,2095,4,108,CanESM2,890958.81,8.5,Jan,2085
2095,1,18,2095,4,110,CNRM-CM5,459465.46,8.5,Jan,2085
2095,1,21,2095,4,113,GFDL-CM3,280846.71,8.5,Jan,2085
2095,1,30,2095,4,122,HadGEM2-CC,230623.32,8.5,Jan,2085
2095,2,2,2095,5,125,HadGEM2-ES,288251.4,8.5,Feb,2085
2095,2,10,2095,5,133,CESM1-BGC,372889.3,8.5,Feb,2085
2095,3,11,2095,6,162,CMCC-CMS,471463.08,8.5,Mar,2085
2095,3,17,2095,6,168,CCSM4,189883,8.5,Mar,2085
2097,1,1,2097,4,93,GFDL-CM3,118957.16,8.5,Jan,2085
2097,1,6,2097,4,98,CCSM4,513860.13,8.5,Jan,2085
2097,1,13,2097,4,105,CESM1-BGC,449721.31,8.5,Jan,2085
2097,1,25,2097,4,117,MIROC5,560342.33,8.5,Jan,2085
2097,2,7,2097,5,130,CanESM2,520651.56,8.5,Feb,2085
2097,2,26,2097,5,149,HadGEM2-ES,76917.28,8.5,Feb,2085
2097,3,2,2097,6,153,CNRM-CM5,171193.94,8.5,Mar,2085
2097,3,6,2097,6,157,HadGEM2-CC,172478.79,8.5,Mar,2085
2097,3,7,2097,6,158,CMCC-CMS,93680.36,8.5,Mar,2085
2097,3,15,2097,6,166,ACCESS1-0,262206.51,8.5,Mar,2085
2097,12,30,2098,3,91,CNRM-CM5,531126.98,8.5,Dec,2085
2098,1,17,2098,4,109,CCSM4,28223.29,8.5,Jan,2085
2098,1,23,2098,4,115,HadGEM2-CC,727084.05,8.5,Jan,2085
2098,1,24,2098,4,116,CESM1-BGC,396117,8.5,Jan,2085
2098,1,29,2098,4,121,CMCC-CMS,184355.94,8.5,Jan,2085
2098,2,19,2098,5,142,ACCESS1-0,72711.68,8.5,Feb,2085
2098,2,22,2098,5,145,CanESM2,455355.46,8.5,Feb,2085
2098,2,26,2098,5,149,HadGEM2-ES,477678.03,8.5,Feb,2085
2098,3,6,2098,6,157,MIROC5,96908.58,8.5,Mar,2085
2098,3,23,2098,6,174,GFDL-CM3,111682.78,8.5,Mar,2085
2098,12,20,2099,3,81,MIROC5,197880.29,8.5,Dec,2085
2099,1,13,2099,4,105,CanESM2,430147.23,8.5,Jan,2085
2099,2,4,2099,5,127,ACCESS1-0,77874.21,8.5,Feb,2085
2099,2,6,2099,5,129,CNRM-CM5,616925.42,8.5,Feb,2085
2099,2,22,2099,5,145,CCSM4,39785.12,8.5,Feb,2085
2099,2,25,2099,5,148,HadGEM2-ES,93579.89,8.5,Feb,2085
2099,3,1,2099,6,152,CESM1-BGC,199047.52,8.5,Mar,2085
2099,3,5,2099,6,156,GFDL-CM3,29606.58,8.5,Mar,2085
2099,4,8,2099,7,190,HadGEM2-CC,33421.97,8.5,Apr,2085
2099,8,13,2099,11,317,CMCC-CMS,27102.42,8.5,Aug,2085
